-- phpMyAdmin SQL Dump
-- version 4.9.7
-- https://www.phpmyadmin.net/
--
-- Host: localhost:3306
-- Waktu pembuatan: 17 Mar 2022 pada 12.39
-- Versi server: 10.5.13-MariaDB-cll-lve
-- Versi PHP: 7.3.33

SET SQL_MODE = "NO_AUTO_VALUE_ON_ZERO";
SET AUTOCOMMIT = 0;
START TRANSACTION;
SET time_zone = "+00:00";


/*!40101 SET @OLD_CHARACTER_SET_CLIENT=@@CHARACTER_SET_CLIENT */;
/*!40101 SET @OLD_CHARACTER_SET_RESULTS=@@CHARACTER_SET_RESULTS */;
/*!40101 SET @OLD_COLLATION_CONNECTION=@@COLLATION_CONNECTION */;
/*!40101 SET NAMES utf8mb4 */;

--
-- Database: `u1347814_wakoel_gh`
--

-- --------------------------------------------------------

--
-- Struktur dari tabel `distributor`
--

CREATE TABLE `distributor` (
  `id` int(11) NOT NULL,
  `nama` varchar(50) NOT NULL,
  `nomor` varchar(15) NOT NULL,
  `email` varchar(50) NOT NULL,
  `alamat` varchar(100) NOT NULL,
  `created_at` datetime NOT NULL,
  `updated_at` datetime NOT NULL
) ENGINE=InnoDB DEFAULT CHARSET=utf8mb4;

--
-- Dumping data untuk tabel `distributor`
--

INSERT INTO `distributor` (`id`, `nama`, `nomor`, `email`, `alamat`, `created_at`, `updated_at`) VALUES
(1, 'Helena', '2469337', 'medhurst.emilio@example.com', '128 Zieme Lane', '2021-07-18 10:32:27', '2021-07-18 10:32:27'),
(2, 'River', '608440112', 'aubrey.parker@example.org', '0792 Gavin Meadows Suite 534', '2021-07-18 10:32:27', '2021-07-18 10:32:27'),
(3, 'Tianna', '914', 'lowe.pietro@example.com', '2137 Wehner Ridges Apt. 885', '2021-07-18 10:32:27', '2021-07-18 10:32:27');

-- --------------------------------------------------------

--
-- Struktur dari tabel `kategori`
--

CREATE TABLE `kategori` (
  `id` int(11) NOT NULL,
  `nama` varchar(50) NOT NULL,
  `created_at` datetime NOT NULL,
  `updated_at` datetime NOT NULL
) ENGINE=InnoDB DEFAULT CHARSET=utf8mb4;

--
-- Dumping data untuk tabel `kategori`
--

INSERT INTO `kategori` (`id`, `nama`, `created_at`, `updated_at`) VALUES
(1, 'Snack', '2021-07-18 10:38:53', '2021-07-18 10:38:53'),
(2, 'Main Course', '2021-07-18 10:38:53', '2021-07-18 10:38:53'),
(3, 'Soup', '0000-00-00 00:00:00', '0000-00-00 00:00:00'),
(4, 'Pizza', '0000-00-00 00:00:00', '0000-00-00 00:00:00'),
(5, 'Dessert', '0000-00-00 00:00:00', '0000-00-00 00:00:00'),
(6, 'Cold Drink', '0000-00-00 00:00:00', '0000-00-00 00:00:00'),
(7, 'Soft Drink', '0000-00-00 00:00:00', '0000-00-00 00:00:00'),
(8, 'Hot Drink', '0000-00-00 00:00:00', '0000-00-00 00:00:00'),
(9, 'Beer and Mix Max', '0000-00-00 00:00:00', '0000-00-00 00:00:00'),
(10, 'Campina', '0000-00-00 00:00:00', '0000-00-00 00:00:00'),
(11, 'Miscellaneous', '0000-00-00 00:00:00', '0000-00-00 00:00:00');

-- --------------------------------------------------------

--
-- Struktur dari tabel `meja`
--

CREATE TABLE `meja` (
  `id` int(11) NOT NULL,
  `nama` varchar(20) NOT NULL,
  `created_at` datetime NOT NULL,
  `updated_at` datetime NOT NULL
) ENGINE=InnoDB DEFAULT CHARSET=utf8mb4;

--
-- Dumping data untuk tabel `meja`
--

INSERT INTO `meja` (`id`, `nama`, `created_at`, `updated_at`) VALUES
(1, 'Bar', '2021-07-18 11:53:32', '2021-09-30 12:16:13'),
(2, '1', '2021-07-18 11:53:32', '2021-08-06 01:05:10'),
(3, '2', '2021-07-18 10:09:26', '2021-08-06 01:05:32'),
(8, '3', '0000-00-00 00:00:00', '0000-00-00 00:00:00'),
(10, '4', '2021-09-30 12:14:34', '2021-09-30 12:14:34'),
(11, '5', '2021-09-30 12:14:44', '2021-09-30 12:14:44'),
(12, '6', '2021-09-30 12:14:57', '2021-09-30 12:14:57'),
(13, '7', '2021-09-30 12:15:05', '2021-09-30 12:15:05'),
(14, '8', '2021-09-30 12:15:13', '2021-09-30 12:15:13'),
(15, '9', '2021-09-30 12:15:24', '2021-09-30 12:15:24'),
(16, '10', '2021-09-30 12:15:38', '2021-09-30 12:15:38'),
(17, '11', '2021-09-30 12:15:46', '2021-09-30 12:15:46'),
(18, '12', '2021-09-30 12:15:54', '2021-09-30 12:15:54'),
(19, '14', '2021-10-11 17:54:50', '2021-10-11 17:54:50'),
(20, '15', '2021-10-20 18:09:09', '2021-10-20 18:09:09');

-- --------------------------------------------------------

--
-- Struktur dari tabel `menu`
--

CREATE TABLE `menu` (
  `id` int(11) NOT NULL,
  `id_kategori` int(11) NOT NULL,
  `nama` varchar(50) NOT NULL,
  `harga_beli` varchar(12) NOT NULL DEFAULT '0',
  `harga_jual` varchar(12) NOT NULL,
  `satuan_barang` varchar(20) NOT NULL DEFAULT 'porsi',
  `stock` int(11) NOT NULL DEFAULT 50,
  `gambar` varchar(255) NOT NULL,
  `id_distributor` int(11) NOT NULL DEFAULT 1,
  `status_delete` int(11) NOT NULL DEFAULT 0,
  `created_at` datetime NOT NULL DEFAULT current_timestamp(),
  `updated_at` datetime NOT NULL
) ENGINE=InnoDB DEFAULT CHARSET=utf8mb4;

--
-- Dumping data untuk tabel `menu`
--

INSERT INTO `menu` (`id`, `id_kategori`, `nama`, `harga_beli`, `harga_jual`, `satuan_barang`, `stock`, `gambar`, `id_distributor`, `status_delete`, `created_at`, `updated_at`) VALUES
(1, 1, 'Singkong Goreng', '0', '15000', 'porsi', 50, '', 1, 0, '2021-07-18 10:28:44', '2021-07-18 10:28:44'),
(2, 1, 'Cireng', '0', '15000', 'porsi', 50, '', 1, 0, '2021-07-18 10:28:44', '2021-07-18 10:28:44'),
(3, 1, 'Sampler', '0', '25000', 'Porsi', 50, '', 1, 0, '2021-07-18 10:28:44', '2021-07-18 10:28:44'),
(4, 1, 'Lumpia Goreng', '0', '20000', 'porsi', 50, '', 1, 0, '2021-07-18 10:28:44', '2021-07-18 10:28:44'),
(5, 1, 'Kentang Goreng', '0', '15000', 'porsi', 50, '', 1, 0, '2021-07-18 10:28:44', '2021-07-18 10:28:44'),
(7, 1, 'Cheesy Egg Toast', '0', '20000', 'porsi', 50, '', 1, 0, '2021-09-30 17:05:47', '0000-00-00 00:00:00'),
(8, 1, 'Tahu Walik', '0', '15000', 'porsi', 50, '', 1, 0, '2021-09-30 17:05:47', '0000-00-00 00:00:00'),
(9, 1, 'Sosis Solo', '0', '15000', 'porsi', 50, '', 1, 0, '2021-09-30 17:05:47', '0000-00-00 00:00:00'),
(10, 1, 'Brulle Bomb', '0', '20000', 'porsi', 50, '', 1, 0, '2021-09-30 17:05:47', '0000-00-00 00:00:00'),
(11, 1, 'Mix Gorengan', '0', '15000', 'porsi', 50, '', 1, 0, '2021-09-30 17:05:47', '0000-00-00 00:00:00'),
(12, 1, 'Nachos', '0', '20000', 'porsi', 50, '', 1, 0, '2021-09-30 17:05:47', '0000-00-00 00:00:00'),
(13, 1, 'Spicy Edamame', '0', '15000', 'porsi', 50, '', 1, 0, '2021-09-30 17:05:47', '0000-00-00 00:00:00'),
(14, 1, 'Siomay Ayam Udang', '0', '20000', 'porsi', 50, '', 1, 0, '2021-09-30 17:05:47', '0000-00-00 00:00:00'),
(15, 1, 'Samosa', '0', '15000', 'porsi', 50, '', 1, 0, '2021-09-30 17:05:47', '0000-00-00 00:00:00'),
(16, 1, 'Fried Wonton', '0', '20000', 'porsi', 50, '', 1, 0, '2021-09-30 17:05:47', '0000-00-00 00:00:00'),
(17, 2, 'Nasi Goreng Spesial Rojo', '0', '20000', 'porsi', 50, '', 1, 0, '2021-09-30 17:35:55', '0000-00-00 00:00:00'),
(18, 2, 'Nasi Ayam Geprek Sambal Bawang', '0', '23000', 'porsi', 50, '', 1, 0, '2021-09-30 17:35:55', '0000-00-00 00:00:00'),
(19, 2, 'Nasi Ayam Goreng Lengkuas', '0', '25000', 'porsi', 50, '', 1, 0, '2021-09-30 17:35:55', '0000-00-00 00:00:00'),
(20, 2, 'Nasi Ayam Tempong', '0', '23000', 'porsi', 50, '', 1, 0, '2021-09-30 17:35:55', '0000-00-00 00:00:00'),
(21, 2, 'Nasi Ayam Rica Rica', '0', '23000', 'porsi', 50, '', 1, 0, '2021-09-30 17:35:55', '0000-00-00 00:00:00'),
(22, 2, 'Nasi Ayam Teriyaki', '0', '28000', 'porsi', 50, '', 1, 0, '2021-09-30 17:35:55', '0000-00-00 00:00:00'),
(23, 2, 'Nasi Ikan Asam Manis', '0', '28000', 'porsi', 50, '', 1, 0, '2021-09-30 17:35:55', '0000-00-00 00:00:00'),
(24, 2, 'Nasi Ikan Goreng Sambal Matah', '0', '25000', 'porsi', 50, '', 1, 0, '2021-09-30 17:35:55', '0000-00-00 00:00:00'),
(25, 2, 'Nasi Salmon Mentai', '0', '45000', 'porsi', 50, '', 1, 0, '2021-09-30 17:35:55', '0000-00-00 00:00:00'),
(26, 2, 'Nasi Cumi Hitam', '0', '28000', 'porsi', 50, '', 1, 0, '2021-09-30 17:35:55', '0000-00-00 00:00:00'),
(27, 2, 'Nasi Iga Bakar', '0', '55000', 'porsi', 50, '', 1, 0, '2021-09-30 17:35:55', '0000-00-00 00:00:00'),
(28, 2, 'Nasi Capcay Ayam', '0', '25000', 'porsi', 50, '', 1, 0, '2021-09-30 17:35:55', '0000-00-00 00:00:00'),
(29, 2, 'Nasi Bebek Goreng Madura', '0', '32000', 'porsi', 50, '', 1, 0, '2021-09-30 17:35:55', '0000-00-00 00:00:00'),
(30, 2, 'Nasi Bebek Betutu ', '0', '32000', 'porsi', 50, '', 1, 0, '2021-09-30 17:35:55', '0000-00-00 00:00:00'),
(31, 2, 'Mie atau Bihun Goreng', '0', '20000', 'porsi', 50, '', 1, 0, '2021-09-30 17:35:55', '0000-00-00 00:00:00'),
(32, 2, 'Kwetiaw Goreng Sapi', '0', '30000', 'porsi', 50, '', 1, 0, '2021-09-30 17:35:55', '0000-00-00 00:00:00'),
(33, 3, 'Pindang Ikan', '0', '28000', 'porsi', 50, '', 1, 0, '2021-09-30 17:55:18', '0000-00-00 00:00:00'),
(34, 3, 'Ikan Asam Pedas', '0', '28000', 'porsi', 50, '', 1, 0, '2021-09-30 17:55:18', '0000-00-00 00:00:00'),
(35, 3, 'Soto Ayam Medan', '0', '25000', 'porsi', 50, '', 1, 0, '2021-09-30 17:55:18', '0000-00-00 00:00:00'),
(36, 3, 'Rawon', '0', '38000', 'porsi', 50, '', 1, 0, '2021-09-30 17:55:18', '0000-00-00 00:00:00'),
(37, 3, 'Ayam Kesrut', '0', '25000', 'porsi', 50, '', 1, 0, '2021-09-30 17:55:18', '0000-00-00 00:00:00'),
(38, 3, 'Kikil', '0', '40000', 'porsi', 50, '', 1, 0, '2021-09-30 17:55:18', '0000-00-00 00:00:00'),
(39, 4, 'Margharitta', '0', '45000', 'porsi', 50, '', 1, 0, '2021-09-30 17:58:16', '0000-00-00 00:00:00'),
(40, 4, 'Pepperoni', '0', '60000', 'porsi', 50, '', 1, 0, '2021-09-30 17:58:16', '0000-00-00 00:00:00'),
(41, 4, '4 Cheese', '0', '60000', 'porsi', 50, '', 1, 0, '2021-09-30 17:58:16', '0000-00-00 00:00:00'),
(42, 4, 'Meat Lover', '0', '65000', 'porsi', 50, '', 1, 0, '2021-09-30 17:58:16', '0000-00-00 00:00:00'),
(43, 4, 'Tuna Melt', '0', '55000', 'porsi', 50, '', 1, 0, '2021-09-30 17:58:16', '0000-00-00 00:00:00'),
(44, 4, 'Hawaian', '0', '55000', 'porsi', 50, '', 1, 0, '2021-09-30 17:58:16', '0000-00-00 00:00:00'),
(45, 5, 'Pisang Goreng', '0', '15000', 'porsi', 50, '', 1, 0, '2021-09-30 18:04:12', '0000-00-00 00:00:00'),
(46, 5, 'R.B Coklat', '0', '15000', 'porsi', 50, '', 1, 0, '2021-09-30 18:04:12', '0000-00-00 00:00:00'),
(47, 5, 'R.B Keju', '0', '20000', 'porsi', 50, '', 1, 0, '2021-09-30 18:04:12', '0000-00-00 00:00:00'),
(48, 5, 'R.B Coklat Keju', '0', '20000', 'porsi', 50, '', 1, 0, '2021-09-30 18:04:12', '0000-00-00 00:00:00'),
(49, 5, 'Caramel Pudding', '0', '20000', 'porsi', 50, '', 1, 0, '2021-09-30 18:04:12', '0000-00-00 00:00:00'),
(50, 5, 'Pudding Tahu', '0', '20000', 'porsi', 50, '', 1, 0, '2021-09-30 18:04:12', '0000-00-00 00:00:00'),
(51, 6, 'Teh Obeng', '0', '10000', 'porsi', 50, '', 1, 0, '2021-09-30 20:29:46', '0000-00-00 00:00:00'),
(52, 6, 'Es Teh Tarik', '0', '15000', 'porsi', 50, '', 1, 0, '2021-09-30 20:29:46', '0000-00-00 00:00:00'),
(53, 6, 'Es Kopi', '0', '15000', 'porsi', 50, '', 1, 0, '2021-09-30 20:29:46', '0000-00-00 00:00:00'),
(54, 6, 'Es Kopi Susu', '0', '18000', 'porsi', 50, '', 1, 0, '2021-09-30 20:29:46', '0000-00-00 00:00:00'),
(55, 6, 'Es Jeruk', '0', '18000', 'porsi', 50, '', 1, 0, '2021-09-30 20:29:46', '0000-00-00 00:00:00'),
(56, 6, 'Lime Squash', '0', '20000', 'porsi', 50, '', 1, 0, '2021-09-30 20:29:46', '0000-00-00 00:00:00'),
(57, 6, 'Ginger Squash', '0', '20000', 'porsi', 50, '', 1, 0, '2021-09-30 20:29:46', '0000-00-00 00:00:00'),
(58, 6, 'Ice Chocolate', '0', '20000', 'porsi', 50, '', 1, 0, '2021-09-30 20:29:46', '0000-00-00 00:00:00'),
(59, 6, 'Ice Lychee Tea', '0', '20000', 'porsi', 50, '', 1, 0, '2021-09-30 20:29:46', '0000-00-00 00:00:00'),
(60, 6, 'Es Sari Asam', '0', '15000', 'porsi', 50, '', 1, 0, '2021-09-30 20:29:46', '0000-00-00 00:00:00'),
(61, 6, 'Kelapa Muda', '0', '15000', 'porsi', 50, '', 1, 0, '2021-09-30 20:29:46', '0000-00-00 00:00:00'),
(62, 6, 'Es Kopyar Fantasi', '0', '18000', 'porsi', 50, '', 1, 0, '2021-09-30 20:29:46', '0000-00-00 00:00:00'),
(63, 6, 'Es Timun Selasih', '0', '18000', 'porsi', 50, '', 1, 0, '2021-09-30 20:29:46', '0000-00-00 00:00:00'),
(64, 6, 'Es Cincau', '0', '18000', 'porsi', 50, '', 1, 0, '2021-09-30 20:29:46', '0000-00-00 00:00:00'),
(65, 6, 'Manggo Lashi', '0', '18000', 'porsi', 50, '', 1, 0, '2021-09-30 20:29:46', '0000-00-00 00:00:00'),
(66, 6, 'Taro', '0', '15000', 'porsi', 50, '', 1, 0, '2021-09-30 20:29:46', '0000-00-00 00:00:00'),
(67, 6, 'Fresh Juice', '0', '20000', 'porsi', 50, '', 1, 0, '2021-09-30 20:29:46', '0000-00-00 00:00:00'),
(68, 6, 'Soda Gembira', '0', '20000', 'porsi', 50, '', 1, 0, '2021-09-30 20:29:46', '0000-00-00 00:00:00'),
(69, 6, 'Lemon Elderflower', '0', '18000', 'porsi', 50, '', 1, 0, '2021-09-30 20:29:46', '0000-00-00 00:00:00'),
(70, 6, 'Peach Tea', '0', '18000', 'porsi', 50, '', 1, 0, '2021-09-30 20:29:46', '0000-00-00 00:00:00'),
(71, 7, 'Mineral Water', '0', '10000', 'porsi', 50, '', 1, 0, '2021-09-30 20:31:50', '0000-00-00 00:00:00'),
(72, 7, 'Sprite 250ml', '0', '10000', 'porsi', 50, '', 1, 0, '2021-09-30 20:31:50', '0000-00-00 00:00:00'),
(73, 7, 'Coca - cola 250ml', '0', '10000', 'porsi', 50, '', 1, 0, '2021-09-30 20:31:50', '0000-00-00 00:00:00'),
(74, 7, 'Fanta 250ml', '0', '10000', 'porsi', 50, '', 1, 0, '2021-09-30 20:31:50', '0000-00-00 00:00:00'),
(75, 8, 'Kopi O', '0', '10000', 'porsi', 50, '', 1, 0, '2021-09-30 20:33:44', '0000-00-00 00:00:00'),
(76, 8, 'Teh O', '0', '10000', 'porsi', 50, '', 1, 0, '2021-09-30 20:33:44', '0000-00-00 00:00:00'),
(77, 8, 'Teh Tarik', '0', '13000', 'porsi', 50, '', 1, 0, '2021-09-30 20:33:44', '0000-00-00 00:00:00'),
(78, 8, 'Kopi Susu', '0', '13000', 'porsi', 50, '', 1, 0, '2021-09-30 20:33:44', '0000-00-00 00:00:00'),
(79, 8, 'Wedang Jahe', '0', '15000', 'porsi', 50, '', 1, 0, '2021-09-30 20:33:44', '0000-00-00 00:00:00'),
(80, 8, 'Wedang Uwuh', '0', '15000', 'porsi', 50, '', 1, 0, '2021-09-30 20:33:44', '0000-00-00 00:00:00'),
(81, 9, 'Singaraja Large', '0', '35000', 'porsi', 50, '', 1, 0, '2021-09-30 20:35:05', '0000-00-00 00:00:00'),
(82, 9, 'Prost Large', '0', '38000', 'porsi', 50, '', 1, 0, '2021-09-30 20:35:05', '0000-00-00 00:00:00'),
(83, 9, 'Mix Max', '0', '28000', 'porsi', 50, '', 1, 0, '2021-09-30 20:35:05', '0000-00-00 00:00:00'),
(84, 2, 'Nasi Ayam Kungpao', '0', '30000', 'porsi', 50, '', 1, 0, '2021-10-02 10:08:10', '0000-00-00 00:00:00'),
(85, 10, 'Cornetto Chocolate', '0', '10000', 'porsi', 50, '', 1, 0, '2021-10-02 17:55:53', '0000-00-00 00:00:00'),
(86, 10, 'Crnetto Cookies and Cream', '0', '8000', 'porsi', 50, '', 1, 0, '2021-10-02 17:55:53', '0000-00-00 00:00:00'),
(87, 10, 'Crnetto Strawberry', '0', '8000', 'porsi', 50, '', 1, 0, '2021-10-02 17:55:53', '0000-00-00 00:00:00'),
(88, 10, 'Tropicana', '0', '8000', 'porsi', 50, '', 1, 0, '2021-10-02 17:55:53', '0000-00-00 00:00:00'),
(89, 10, 'Spongebob Stick', '0', '8000', 'porsi', 50, '', 1, 0, '2021-10-02 17:55:53', '0000-00-00 00:00:00'),
(90, 10, 'Heart', '0', '8000', 'porsi', 50, '', 1, 0, '2021-10-02 17:55:53', '0000-00-00 00:00:00'),
(91, 10, 'Hula - Hula', '0', '7000', 'porsi', 50, '', 1, 0, '2021-10-02 17:55:53', '0000-00-00 00:00:00'),
(92, 10, 'Go Mango', '0', '8000', 'porsi', 50, '', 1, 0, '2021-10-02 17:55:53', '0000-00-00 00:00:00'),
(93, 10, 'Spongebob Cup', '0', '8000', 'porsi', 50, '', 1, 0, '2021-10-02 17:55:53', '0000-00-00 00:00:00'),
(94, 2, 'Nasi Putih', '0', '5000', 'porsi', 50, '', 1, 0, '2021-10-02 18:34:01', '0000-00-00 00:00:00'),
(95, 8, 'Jeruk Hangat', '0', '18000', 'porsi', 50, '', 1, 0, '2021-10-11 17:48:10', '0000-00-00 00:00:00'),
(96, 9, 'Singaraja Small', '0', '22000', 'porsi', 50, '', 1, 0, '2021-10-11 17:48:10', '0000-00-00 00:00:00'),
(97, 2, 'Nasi Beef Bulgogi', '0', '45000', 'porsi', 50, '', 1, 0, '2021-10-11 17:48:10', '0000-00-00 00:00:00'),
(98, 2, 'Ns.Japanese Chicken Curry', '0', '35000', 'porsi', 50, '', 1, 0, '2021-10-11 17:48:10', '0000-00-00 00:00:00'),
(99, 1, 'BBQ Chicken Wings', '0', '25000', 'porsi', 50, '', 1, 0, '2021-10-11 17:48:10', '0000-00-00 00:00:00'),
(100, 9, 'Soju Yakult', '0', '90000', 'porsi', 50, '', 1, 0, '2021-10-14 18:07:06', '0000-00-00 00:00:00'),
(109, 5, 'Churros', '0', '15000', 'porsi', 50, '', 1, 0, '2021-10-21 05:24:12', '0000-00-00 00:00:00'),
(110, 11, 'tesk', '0', '65000', 'porsi', 50, '8d0d76dbf11f36a8516489af6c006df9.jpg', 1, 1, '2021-10-23 09:32:08', '2021-10-23 20:06:56'),
(111, 11, 'tes lg', '0', '2000', 'porsi', 50, 'c568814d224eb11e6e63f4eb5e0ba62e.jpg', 1, 1, '2021-10-23 09:40:19', '2021-10-23 19:51:34'),
(112, 11, 'g', '0', '5', 'porsi', 50, '', 1, 1, '2021-10-23 19:51:57', '2021-10-24 11:16:23'),
(113, 9, 'Soju', '0', '75000', 'porsi', 50, '', 1, 0, '2021-10-24 17:07:23', '2021-10-24 17:07:23'),
(114, 9, 'Soju boom', '0', '35000', 'porsi', 50, '', 1, 0, '2021-10-24 17:07:38', '2021-10-24 17:07:38'),
(115, 9, 'Strawberry soju yakult', '0', '30000', 'porsi', 50, '', 1, 0, '2021-10-24 17:08:03', '2021-10-24 17:08:03'),
(116, 9, 'Lemon soju tonic', '0', '30000', 'porsi', 50, '', 1, 0, '2021-10-24 17:08:29', '2021-10-24 17:08:29'),
(117, 9, 'Manggo soju tonic', '0', '30000', 'porsi', 50, '', 1, 0, '2021-10-24 17:08:45', '2021-10-24 17:08:45'),
(118, 1, 'Kerupuk', '0', '2000', 'porsi', 50, '', 1, 0, '2021-10-25 19:30:23', '2021-10-25 19:30:23');

-- --------------------------------------------------------

--
-- Struktur dari tabel `metode_pembayaran`
--

CREATE TABLE `metode_pembayaran` (
  `id` int(11) NOT NULL,
  `nama` varchar(25) NOT NULL,
  `kategori` int(11) NOT NULL
) ENGINE=InnoDB DEFAULT CHARSET=utf8mb4;

--
-- Dumping data untuk tabel `metode_pembayaran`
--

INSERT INTO `metode_pembayaran` (`id`, `nama`, `kategori`) VALUES
(1, 'tunai', 1),
(2, 'bca', 2),
(3, 'bri', 2),
(4, 'mandiri', 2),
(5, 'bni', 2),
(6, 'ovo', 3),
(7, 'dana', 3),
(8, 'gopay', 3);

-- --------------------------------------------------------

--
-- Struktur dari tabel `order_menu`
--

CREATE TABLE `order_menu` (
  `id` int(11) NOT NULL,
  `id_menu` int(11) NOT NULL,
  `id_penjualan` int(11) NOT NULL,
  `jumlah` int(11) NOT NULL,
  `status` int(1) NOT NULL,
  `created_at` datetime NOT NULL,
  `updated_at` datetime NOT NULL
) ENGINE=InnoDB DEFAULT CHARSET=utf8mb4;

--
-- Dumping data untuk tabel `order_menu`
--

INSERT INTO `order_menu` (`id`, `id_menu`, `id_penjualan`, `jumlah`, `status`, `created_at`, `updated_at`) VALUES
(155, 32, 140, 1, 0, '2021-10-01 00:43:40', '2021-10-01 00:43:40'),
(156, 52, 140, 1, 0, '2021-10-01 00:43:40', '2021-10-01 00:43:40'),
(157, 29, 140, 1, 0, '2021-10-01 00:43:40', '2021-10-01 00:43:40'),
(158, 38, 140, 1, 0, '2021-10-01 00:43:40', '2021-10-01 00:43:40'),
(159, 75, 140, 1, 0, '2021-10-01 00:43:40', '2021-10-01 00:43:40'),
(160, 71, 140, 1, 0, '2021-10-01 00:43:40', '2021-10-01 00:43:40'),
(161, 40, 141, 1, 0, '2021-10-01 01:29:42', '2021-10-01 01:29:42'),
(162, 41, 141, 1, 0, '2021-10-01 01:29:42', '2021-10-01 01:29:42'),
(163, 38, 142, 1, 0, '2021-10-01 01:40:21', '2021-10-01 01:40:21'),
(164, 27, 142, 1, 0, '2021-10-01 01:40:21', '2021-10-01 01:40:21'),
(165, 83, 142, 1, 0, '2021-10-01 01:40:21', '2021-10-01 01:40:21'),
(166, 59, 142, 1, 0, '2021-10-01 01:40:21', '2021-10-01 01:40:21'),
(167, 18, 143, 1, 0, '2021-10-01 01:58:51', '2021-10-01 01:58:51'),
(168, 29, 143, 1, 0, '2021-10-01 01:58:51', '2021-10-01 01:58:51'),
(169, 68, 143, 1, 0, '2021-10-01 01:58:51', '2021-10-01 01:58:51'),
(170, 62, 143, 1, 0, '2021-10-01 01:58:51', '2021-10-01 01:58:51'),
(171, 83, 144, 4, 0, '2021-10-01 02:24:56', '2021-10-01 02:24:56'),
(172, 37, 145, 1, 0, '2021-10-01 02:28:18', '2021-10-01 02:28:18'),
(173, 18, 145, 1, 0, '2021-10-01 02:28:18', '2021-10-01 02:28:18'),
(174, 64, 145, 2, 0, '2021-10-01 02:28:18', '2021-10-01 02:28:18'),
(182, 22, 148, 1, 0, '2021-10-01 04:21:16', '2021-10-01 04:21:16'),
(183, 11, 148, 1, 0, '2021-10-01 04:21:16', '2021-10-01 04:21:16'),
(184, 62, 148, 1, 0, '2021-10-01 04:21:16', '2021-10-01 04:21:16'),
(185, 69, 148, 1, 0, '2021-10-01 04:21:16', '2021-10-01 04:21:16'),
(186, 22, 149, 1, 0, '2021-10-01 04:32:06', '2021-10-01 04:32:06'),
(187, 58, 149, 1, 0, '2021-10-01 04:32:06', '2021-10-01 04:32:06'),
(188, 52, 149, 1, 0, '2021-10-01 04:32:06', '2021-10-01 04:32:06'),
(189, 21, 150, 1, 0, '2021-10-01 04:41:06', '2021-10-01 04:41:06'),
(190, 71, 150, 1, 0, '2021-10-01 04:41:06', '2021-10-01 04:41:06'),
(191, 83, 150, 1, 0, '2021-10-01 04:41:06', '2021-10-01 04:41:06'),
(192, 58, 151, 1, 0, '2021-10-01 04:59:56', '2021-10-01 04:59:56'),
(193, 46, 151, 1, 0, '2021-10-01 04:59:56', '2021-10-01 04:59:56'),
(202, 29, 154, 2, 0, '2021-10-01 05:39:49', '2021-10-01 05:39:49'),
(203, 32, 154, 1, 0, '2021-10-01 05:39:49', '2021-10-01 05:39:49'),
(204, 81, 154, 2, 0, '2021-10-01 05:39:49', '2021-10-01 05:39:49'),
(205, 71, 154, 3, 0, '2021-10-01 05:39:49', '2021-10-01 05:39:49'),
(211, 29, 156, 1, 0, '2021-10-01 05:45:42', '2021-10-01 05:45:42'),
(212, 60, 156, 1, 0, '2021-10-01 05:45:42', '2021-10-01 05:45:42'),
(213, 22, 157, 1, 0, '2021-10-01 05:46:56', '2021-10-01 05:46:56'),
(214, 45, 158, 1, 0, '2021-10-01 05:51:57', '2021-10-01 05:51:57'),
(215, 18, 158, 1, 0, '2021-10-01 05:51:57', '2021-10-01 05:51:57'),
(216, 26, 158, 1, 0, '2021-10-01 05:51:57', '2021-10-01 05:51:57'),
(217, 70, 158, 1, 0, '2021-10-01 05:51:57', '2021-10-01 05:51:57'),
(218, 69, 158, 1, 0, '2021-10-01 05:51:57', '2021-10-01 05:51:57'),
(219, 54, 158, 1, 0, '2021-10-01 05:51:57', '2021-10-01 05:51:57'),
(220, 8, 159, 1, 0, '2021-10-01 05:56:57', '2021-10-01 05:56:57'),
(221, 22, 159, 1, 0, '2021-10-01 05:56:57', '2021-10-01 05:56:57'),
(222, 17, 159, 1, 0, '2021-10-01 05:56:57', '2021-10-01 05:56:57'),
(223, 37, 159, 1, 0, '2021-10-01 05:56:57', '2021-10-01 05:56:57'),
(224, 71, 159, 1, 0, '2021-10-01 05:56:57', '2021-10-01 05:56:57'),
(225, 52, 159, 1, 0, '2021-10-01 05:56:57', '2021-10-01 05:56:57'),
(226, 65, 159, 1, 0, '2021-10-01 05:56:57', '2021-10-01 05:56:57'),
(227, 10, 160, 1, 0, '2021-10-01 06:00:00', '2021-10-01 06:00:00'),
(228, 11, 160, 1, 0, '2021-10-01 06:00:00', '2021-10-01 06:00:00'),
(229, 29, 160, 1, 0, '2021-10-01 06:00:00', '2021-10-01 06:00:00'),
(230, 65, 160, 1, 0, '2021-10-01 06:00:00', '2021-10-01 06:00:00'),
(231, 64, 161, 1, 0, '2021-10-01 06:09:38', '2021-10-01 06:09:38'),
(232, 62, 161, 1, 0, '2021-10-01 06:09:38', '2021-10-01 06:09:38'),
(233, 26, 161, 1, 0, '2021-10-01 06:09:38', '2021-10-01 06:09:38'),
(234, 17, 161, 1, 0, '2021-10-01 06:09:38', '2021-10-01 06:09:38'),
(239, 5, 163, 1, 0, '2021-10-01 06:24:09', '2021-10-01 06:24:09'),
(240, 17, 163, 2, 0, '2021-10-01 06:24:09', '2021-10-01 06:24:09'),
(241, 51, 163, 1, 0, '2021-10-01 06:24:09', '2021-10-01 06:24:09'),
(242, 55, 163, 2, 0, '2021-10-01 06:24:09', '2021-10-01 06:24:09'),
(250, 40, 166, 1, 0, '2021-10-01 06:34:31', '2021-10-01 06:34:31'),
(251, 8, 167, 1, 0, '2021-10-01 07:05:08', '2021-10-01 07:05:08'),
(252, 5, 167, 1, 0, '2021-10-01 07:05:08', '2021-10-01 07:05:08'),
(253, 49, 167, 1, 0, '2021-10-01 07:05:08', '2021-10-01 07:05:08'),
(254, 26, 167, 1, 0, '2021-10-01 07:05:08', '2021-10-01 07:05:08'),
(255, 75, 167, 1, 0, '2021-10-01 07:05:08', '2021-10-01 07:05:08'),
(256, 79, 167, 1, 0, '2021-10-01 07:05:08', '2021-10-01 07:05:08'),
(257, 71, 167, 1, 0, '2021-10-01 07:05:08', '2021-10-01 07:05:08'),
(259, 58, 169, 1, 0, '2021-10-01 07:30:15', '2021-10-01 07:30:15'),
(260, 29, 170, 1, 0, '2021-10-01 07:59:52', '2021-10-01 07:59:52'),
(261, 50, 170, 1, 0, '2021-10-01 07:59:52', '2021-10-01 07:59:52'),
(262, 81, 171, 1, 0, '2021-10-01 08:05:50', '2021-10-01 08:05:50'),
(263, 81, 172, 1, 0, '2021-10-01 08:31:32', '2021-10-01 08:31:32'),
(264, 75, 173, 1, 0, '2021-10-01 08:34:38', '2021-10-01 08:34:38'),
(265, 81, 174, 1, 0, '2021-10-01 08:39:26', '2021-10-01 08:39:26'),
(266, 1, 174, 1, 0, '2021-10-01 08:39:26', '2021-10-01 08:39:26'),
(270, 1, 177, 1, 0, '2021-10-01 23:13:02', '2021-10-01 23:13:02'),
(271, 12, 177, 1, 0, '2021-10-01 23:13:02', '2021-10-01 23:13:02'),
(272, 68, 177, 1, 0, '2021-10-01 23:13:02', '2021-10-01 23:13:02'),
(273, 59, 177, 1, 0, '2021-10-01 23:13:02', '2021-10-01 23:13:02'),
(274, 56, 177, 1, 0, '2021-10-01 23:13:02', '2021-10-01 23:13:02'),
(275, 60, 178, 1, 0, '2021-10-01 23:20:40', '2021-10-01 23:20:40'),
(276, 21, 178, 1, 0, '2021-10-01 23:27:48', '2021-10-01 23:27:48'),
(277, 17, 179, 2, 0, '2021-10-01 23:29:01', '2021-10-01 23:29:01'),
(278, 52, 179, 1, 0, '2021-10-01 23:29:01', '2021-10-01 23:29:01'),
(279, 58, 179, 1, 0, '2021-10-01 23:29:01', '2021-10-01 23:29:01'),
(280, 79, 180, 2, 0, '2021-10-01 23:57:57', '2021-10-01 23:57:57'),
(281, 65, 180, 1, 0, '2021-10-01 23:57:57', '2021-10-01 23:57:57'),
(282, 1, 180, 1, 0, '2021-10-02 00:08:08', '2021-10-02 00:08:08'),
(283, 29, 180, 3, 0, '2021-10-02 00:31:37', '2021-10-02 00:31:37'),
(284, 23, 180, 1, 0, '2021-10-02 00:31:37', '2021-10-02 00:31:37'),
(285, 84, 180, 2, 0, '2021-10-02 00:31:37', '2021-10-02 00:31:37'),
(286, 38, 180, 1, 0, '2021-10-02 00:31:37', '2021-10-02 00:31:37'),
(287, 62, 180, 1, 0, '2021-10-02 00:31:37', '2021-10-02 00:31:37'),
(288, 57, 180, 1, 0, '2021-10-02 00:31:37', '2021-10-02 00:31:37'),
(289, 79, 180, 1, 0, '2021-10-02 00:35:09', '2021-10-02 00:35:09'),
(290, 75, 180, 1, 0, '2021-10-02 00:37:38', '2021-10-02 00:37:38'),
(291, 4, 181, 1, 0, '2021-10-02 01:15:56', '2021-10-02 01:15:56'),
(292, 41, 181, 1, 0, '2021-10-02 01:15:56', '2021-10-02 01:15:56'),
(293, 59, 181, 1, 0, '2021-10-02 01:15:56', '2021-10-02 01:15:56'),
(294, 75, 181, 1, 0, '2021-10-02 01:15:56', '2021-10-02 01:15:56'),
(295, 56, 181, 1, 0, '2021-10-02 01:15:56', '2021-10-02 01:15:56'),
(296, 55, 181, 1, 0, '2021-10-02 01:15:56', '2021-10-02 01:15:56'),
(297, 55, 180, 1, 0, '2021-10-02 01:20:32', '2021-10-02 01:20:32'),
(298, 39, 182, 1, 0, '2021-10-02 05:58:02', '2021-10-02 05:58:02'),
(299, 28, 182, 1, 0, '2021-10-02 05:58:02', '2021-10-02 05:58:02'),
(300, 19, 182, 1, 0, '2021-10-02 05:58:02', '2021-10-02 05:58:02'),
(301, 17, 182, 1, 0, '2021-10-02 05:58:02', '2021-10-02 05:58:02'),
(302, 52, 182, 1, 0, '2021-10-02 05:58:02', '2021-10-02 05:58:02'),
(303, 55, 182, 1, 0, '2021-10-02 05:58:02', '2021-10-02 05:58:02'),
(304, 29, 183, 1, 0, '2021-10-02 06:43:41', '2021-10-02 06:43:41'),
(305, 30, 183, 1, 0, '2021-10-02 06:43:41', '2021-10-02 06:43:41'),
(306, 32, 183, 1, 0, '2021-10-02 06:43:41', '2021-10-02 06:43:41'),
(307, 25, 183, 1, 0, '2021-10-02 06:43:41', '2021-10-02 06:43:41'),
(308, 2, 183, 1, 0, '2021-10-02 06:43:41', '2021-10-02 06:43:41'),
(309, 59, 183, 1, 0, '2021-10-02 06:43:41', '2021-10-02 06:43:41'),
(310, 51, 183, 1, 0, '2021-10-02 06:43:41', '2021-10-02 06:43:41'),
(311, 52, 183, 1, 0, '2021-10-02 06:43:41', '2021-10-02 06:43:41'),
(312, 61, 183, 1, 0, '2021-10-02 06:43:41', '2021-10-02 06:43:41'),
(313, 58, 184, 1, 0, '2021-10-02 06:47:40', '2021-10-02 06:47:40'),
(314, 93, 183, 1, 0, '2021-10-02 06:58:41', '2021-10-02 06:58:41'),
(315, 90, 183, 1, 0, '2021-10-02 06:58:41', '2021-10-02 06:58:41'),
(318, 49, 186, 1, 0, '2021-10-02 07:06:50', '2021-10-02 07:06:50'),
(319, 5, 186, 1, 0, '2021-10-02 07:06:50', '2021-10-02 07:06:50'),
(320, 52, 186, 1, 0, '2021-10-02 07:06:50', '2021-10-02 07:06:50'),
(321, 79, 186, 1, 0, '2021-10-02 07:06:50', '2021-10-02 07:06:50'),
(322, 31, 188, 1, 0, '2021-10-02 07:17:08', '2021-10-02 07:17:08'),
(323, 17, 188, 1, 0, '2021-10-02 07:17:08', '2021-10-02 07:17:08'),
(324, 22, 188, 1, 0, '2021-10-02 07:17:08', '2021-10-02 07:17:08'),
(325, 5, 188, 1, 0, '2021-10-02 07:17:08', '2021-10-02 07:17:08'),
(326, 2, 188, 1, 0, '2021-10-02 07:17:08', '2021-10-02 07:17:08'),
(327, 76, 188, 1, 0, '2021-10-02 07:17:08', '2021-10-02 07:17:08'),
(328, 55, 188, 1, 0, '2021-10-02 07:17:08', '2021-10-02 07:17:08'),
(329, 63, 188, 1, 0, '2021-10-02 07:17:08', '2021-10-02 07:17:08'),
(330, 32, 189, 2, 0, '2021-10-02 07:21:09', '2021-10-02 07:21:09'),
(331, 84, 189, 1, 0, '2021-10-02 07:21:09', '2021-10-02 07:21:09'),
(332, 17, 189, 1, 0, '2021-10-02 07:21:09', '2021-10-02 07:21:09'),
(333, 3, 189, 1, 0, '2021-10-02 07:21:09', '2021-10-02 07:21:09'),
(334, 76, 189, 1, 0, '2021-10-02 07:21:09', '2021-10-02 07:21:09'),
(335, 51, 189, 1, 0, '2021-10-02 07:21:09', '2021-10-02 07:21:09'),
(336, 58, 189, 2, 0, '2021-10-02 07:21:09', '2021-10-02 07:21:09'),
(338, 5, 191, 1, 0, '2021-10-02 07:45:18', '2021-10-02 07:45:18'),
(339, 8, 191, 1, 0, '2021-10-02 07:45:18', '2021-10-02 07:45:18'),
(340, 75, 191, 1, 0, '2021-10-02 07:45:18', '2021-10-02 07:45:18'),
(341, 66, 191, 1, 0, '2021-10-02 07:45:18', '2021-10-02 07:45:18'),
(342, 32, 192, 1, 0, '2021-10-02 07:55:44', '2021-10-02 07:55:44'),
(343, 2, 192, 1, 0, '2021-10-02 07:55:44', '2021-10-02 07:55:44'),
(344, 31, 192, 1, 0, '2021-10-02 07:55:44', '2021-10-02 07:55:44'),
(345, 52, 192, 1, 0, '2021-10-02 07:55:44', '2021-10-02 07:55:44'),
(346, 55, 192, 1, 0, '2021-10-02 07:55:44', '2021-10-02 07:55:44'),
(347, 17, 193, 2, 0, '2021-10-02 08:03:02', '2021-10-02 08:03:02'),
(348, 45, 193, 1, 0, '2021-10-02 08:03:02', '2021-10-02 08:03:02'),
(349, 55, 193, 2, 0, '2021-10-02 08:03:02', '2021-10-02 08:03:02'),
(350, 26, 194, 1, 0, '2021-10-02 08:23:32', '2021-10-02 08:23:32'),
(351, 1, 194, 1, 0, '2021-10-02 08:23:32', '2021-10-02 08:23:32'),
(352, 7, 194, 1, 0, '2021-10-02 08:23:32', '2021-10-02 08:23:32'),
(353, 79, 194, 1, 0, '2021-10-02 08:23:32', '2021-10-02 08:23:32'),
(354, 61, 194, 1, 0, '2021-10-02 08:23:32', '2021-10-02 08:23:32'),
(355, 62, 194, 1, 0, '2021-10-02 08:23:32', '2021-10-02 08:23:32'),
(356, 17, 195, 1, 0, '2021-10-02 08:25:31', '2021-10-02 08:25:31'),
(357, 15, 195, 1, 0, '2021-10-02 08:25:31', '2021-10-02 08:25:31'),
(358, 11, 195, 1, 0, '2021-10-02 08:25:31', '2021-10-02 08:25:31'),
(359, 52, 195, 2, 0, '2021-10-02 08:25:31', '2021-10-02 08:25:31'),
(360, 71, 195, 1, 0, '2021-10-02 08:25:31', '2021-10-02 08:25:31'),
(361, 75, 193, 1, 0, '2021-10-02 08:32:54', '2021-10-02 08:32:54'),
(362, 21, 194, 1, 0, '2021-10-02 08:34:04', '2021-10-02 08:34:04'),
(363, 81, 196, 1, 0, '2021-10-02 08:40:19', '2021-10-02 08:40:19'),
(365, 26, 198, 1, 0, '2021-10-02 09:06:45', '2021-10-02 09:06:45'),
(366, 1, 198, 1, 0, '2021-10-02 09:06:45', '2021-10-02 09:06:45'),
(367, 7, 198, 1, 0, '2021-10-02 09:06:45', '2021-10-02 09:06:45'),
(368, 21, 198, 1, 0, '2021-10-02 09:06:45', '2021-10-02 09:06:45'),
(369, 79, 198, 1, 0, '2021-10-02 09:06:45', '2021-10-02 09:06:45'),
(370, 61, 198, 1, 0, '2021-10-02 09:06:45', '2021-10-02 09:06:45'),
(371, 62, 198, 1, 0, '2021-10-02 09:06:45', '2021-10-02 09:06:45'),
(376, 1, 201, 1, 0, '2021-10-02 10:25:45', '2021-10-02 10:25:45'),
(378, 1, 202, 1, 0, '2021-10-02 10:52:55', '2021-10-02 10:52:55'),
(379, 1, 203, 1, 0, '2021-10-02 11:11:42', '2021-10-02 11:11:42'),
(380, 1, 204, 1, 0, '2021-10-02 11:14:15', '2021-10-02 11:14:15'),
(381, 10, 205, 1, 0, '2021-10-02 22:49:20', '2021-10-02 22:49:20'),
(382, 18, 205, 1, 0, '2021-10-02 22:49:20', '2021-10-02 22:49:20'),
(383, 17, 205, 1, 0, '2021-10-02 22:49:20', '2021-10-02 22:49:20'),
(384, 64, 205, 1, 0, '2021-10-02 22:49:20', '2021-10-02 22:49:20'),
(385, 63, 205, 1, 0, '2021-10-02 22:49:20', '2021-10-02 22:49:20'),
(386, 77, 205, 1, 0, '2021-10-02 23:13:18', '2021-10-02 23:13:18'),
(387, 22, 206, 1, 0, '2021-10-03 00:13:16', '2021-10-03 00:13:16'),
(388, 21, 206, 1, 0, '2021-10-03 00:13:16', '2021-10-03 00:13:16'),
(389, 38, 206, 1, 0, '2021-10-03 00:13:16', '2021-10-03 00:13:16'),
(390, 2, 206, 1, 0, '2021-10-03 00:13:16', '2021-10-03 00:13:16'),
(391, 14, 206, 1, 0, '2021-10-03 00:13:16', '2021-10-03 00:13:16'),
(392, 55, 206, 1, 0, '2021-10-03 00:13:16', '2021-10-03 00:13:16'),
(393, 58, 206, 1, 0, '2021-10-03 00:13:16', '2021-10-03 00:13:16'),
(394, 76, 206, 1, 0, '2021-10-03 00:13:16', '2021-10-03 00:13:16'),
(395, 29, 207, 2, 0, '2021-10-03 00:14:14', '2021-10-03 00:14:14'),
(396, 24, 207, 1, 0, '2021-10-03 00:14:14', '2021-10-03 00:14:14'),
(397, 84, 207, 1, 0, '2021-10-03 00:14:14', '2021-10-03 00:14:14'),
(398, 11, 207, 1, 0, '2021-10-03 00:14:14', '2021-10-03 00:14:14'),
(399, 73, 207, 4, 0, '2021-10-03 00:14:14', '2021-10-03 00:14:14'),
(400, 91, 206, 1, 0, '2021-10-03 01:02:12', '2021-10-03 01:02:12'),
(401, 86, 206, 1, 0, '2021-10-03 01:02:12', '2021-10-03 01:02:12'),
(402, 85, 206, 1, 0, '2021-10-03 01:02:12', '2021-10-03 01:02:12'),
(403, 29, 208, 1, 0, '2021-10-03 01:13:12', '2021-10-03 01:13:12'),
(404, 27, 208, 1, 0, '2021-10-03 01:13:12', '2021-10-03 01:13:12'),
(405, 23, 208, 1, 0, '2021-10-03 01:13:12', '2021-10-03 01:13:12'),
(406, 64, 208, 1, 0, '2021-10-03 01:13:12', '2021-10-03 01:13:12'),
(407, 70, 208, 1, 0, '2021-10-03 01:13:12', '2021-10-03 01:13:12'),
(408, 42, 209, 1, 0, '2021-10-03 01:42:42', '2021-10-03 01:42:42'),
(409, 19, 209, 1, 0, '2021-10-03 01:42:42', '2021-10-03 01:42:42'),
(410, 30, 209, 1, 0, '2021-10-03 01:42:42', '2021-10-03 01:42:42'),
(411, 55, 209, 3, 0, '2021-10-03 01:42:42', '2021-10-03 01:42:42'),
(413, 32, 211, 1, 0, '2021-10-03 04:21:26', '2021-10-03 04:21:26'),
(414, 25, 211, 1, 0, '2021-10-03 04:21:26', '2021-10-03 04:21:26'),
(415, 76, 211, 2, 0, '2021-10-03 04:21:26', '2021-10-03 04:21:26'),
(416, 17, 212, 1, 0, '2021-10-03 04:34:50', '2021-10-03 04:34:50'),
(417, 30, 212, 1, 0, '2021-10-03 04:34:50', '2021-10-03 04:34:50'),
(418, 55, 212, 1, 0, '2021-10-03 04:34:50', '2021-10-03 04:34:50'),
(419, 69, 212, 1, 0, '2021-10-03 04:34:50', '2021-10-03 04:34:50'),
(420, 17, 213, 1, 0, '2021-10-03 04:44:20', '2021-10-03 04:44:20'),
(421, 32, 213, 1, 0, '2021-10-03 04:44:20', '2021-10-03 04:44:20'),
(422, 52, 213, 1, 0, '2021-10-03 04:44:20', '2021-10-03 04:44:20'),
(423, 51, 213, 1, 0, '2021-10-03 04:44:20', '2021-10-03 04:44:20'),
(424, 29, 214, 1, 0, '2021-10-03 04:46:19', '2021-10-03 04:46:19'),
(425, 17, 214, 1, 0, '2021-10-03 04:46:19', '2021-10-03 04:46:19'),
(426, 52, 214, 1, 0, '2021-10-03 04:46:19', '2021-10-03 04:46:19'),
(427, 59, 214, 1, 0, '2021-10-03 04:46:19', '2021-10-03 04:46:19'),
(428, 5, 215, 1, 0, '2021-10-03 04:59:59', '2021-10-03 04:59:59'),
(429, 14, 215, 1, 0, '2021-10-03 04:59:59', '2021-10-03 04:59:59'),
(430, 4, 215, 1, 0, '2021-10-03 04:59:59', '2021-10-03 04:59:59'),
(431, 2, 215, 1, 0, '2021-10-03 04:59:59', '2021-10-03 04:59:59'),
(432, 29, 215, 2, 0, '2021-10-03 04:59:59', '2021-10-03 04:59:59'),
(433, 38, 215, 1, 0, '2021-10-03 04:59:59', '2021-10-03 04:59:59'),
(434, 89, 213, 1, 0, '2021-10-03 05:09:39', '2021-10-03 05:09:39'),
(435, 92, 213, 1, 0, '2021-10-03 05:09:39', '2021-10-03 05:09:39'),
(436, 18, 216, 1, 0, '2021-10-03 05:44:42', '2021-10-03 05:44:42'),
(437, 29, 216, 1, 0, '2021-10-03 05:44:42', '2021-10-03 05:44:42'),
(438, 30, 216, 1, 0, '2021-10-03 05:44:42', '2021-10-03 05:44:42'),
(439, 52, 216, 1, 0, '2021-10-03 05:44:42', '2021-10-03 05:44:42'),
(440, 51, 216, 1, 0, '2021-10-03 05:44:42', '2021-10-03 05:44:42'),
(441, 54, 216, 1, 0, '2021-10-03 05:44:42', '2021-10-03 05:44:42'),
(442, 17, 217, 1, 0, '2021-10-03 06:19:44', '2021-10-03 06:19:44'),
(443, 24, 217, 1, 0, '2021-10-03 06:19:44', '2021-10-03 06:19:44'),
(444, 7, 217, 1, 0, '2021-10-03 06:19:44', '2021-10-03 06:19:44'),
(445, 10, 217, 1, 0, '2021-10-03 06:19:44', '2021-10-03 06:19:44'),
(446, 71, 217, 2, 0, '2021-10-03 06:19:44', '2021-10-03 06:19:44'),
(447, 64, 217, 1, 0, '2021-10-03 06:19:44', '2021-10-03 06:19:44'),
(448, 55, 217, 1, 0, '2021-10-03 06:19:44', '2021-10-03 06:19:44'),
(449, 22, 218, 1, 0, '2021-10-03 06:49:38', '2021-10-03 06:49:38'),
(450, 17, 218, 1, 0, '2021-10-03 06:49:38', '2021-10-03 06:49:38'),
(451, 28, 218, 1, 0, '2021-10-03 06:49:38', '2021-10-03 06:49:38'),
(452, 18, 218, 1, 0, '2021-10-03 06:49:38', '2021-10-03 06:49:38'),
(453, 84, 218, 1, 0, '2021-10-03 06:49:38', '2021-10-03 06:49:38'),
(454, 65, 218, 1, 0, '2021-10-03 06:49:38', '2021-10-03 06:49:38'),
(455, 56, 218, 1, 0, '2021-10-03 06:49:38', '2021-10-03 06:49:38'),
(456, 59, 218, 1, 0, '2021-10-03 06:49:38', '2021-10-03 06:49:38'),
(457, 76, 218, 1, 0, '2021-10-03 06:49:38', '2021-10-03 06:49:38'),
(458, 35, 219, 1, 0, '2021-10-03 06:52:19', '2021-10-03 06:52:19'),
(459, 84, 219, 1, 0, '2021-10-03 06:52:19', '2021-10-03 06:52:19'),
(460, 32, 219, 1, 0, '2021-10-03 06:52:19', '2021-10-03 06:52:19'),
(461, 17, 219, 1, 0, '2021-10-03 06:52:19', '2021-10-03 06:52:19'),
(462, 21, 219, 1, 0, '2021-10-03 06:52:19', '2021-10-03 06:52:19'),
(463, 42, 219, 1, 0, '2021-10-03 06:52:19', '2021-10-03 06:52:19'),
(464, 48, 219, 1, 0, '2021-10-03 06:52:19', '2021-10-03 06:52:19'),
(465, 7, 219, 1, 0, '2021-10-03 06:52:19', '2021-10-03 06:52:19'),
(466, 3, 219, 1, 0, '2021-10-03 06:52:19', '2021-10-03 06:52:19'),
(467, 57, 219, 1, 0, '2021-10-03 06:52:19', '2021-10-03 06:52:19'),
(468, 42, 218, 1, 0, '2021-10-03 06:55:00', '2021-10-03 06:55:00'),
(469, 76, 219, 2, 0, '2021-10-03 06:58:55', '2021-10-03 06:58:55'),
(470, 54, 219, 1, 0, '2021-10-03 06:58:55', '2021-10-03 06:58:55'),
(471, 75, 219, 2, 0, '2021-10-03 06:58:55', '2021-10-03 06:58:55'),
(472, 66, 219, 1, 0, '2021-10-03 06:58:55', '2021-10-03 06:58:55'),
(473, 55, 219, 1, 0, '2021-10-03 06:58:55', '2021-10-03 06:58:55'),
(474, 19, 216, 2, 0, '2021-10-03 07:07:06', '2021-10-03 07:07:06'),
(475, 58, 216, 2, 0, '2021-10-03 07:07:06', '2021-10-03 07:07:06'),
(476, 52, 216, 1, 0, '2021-10-03 07:07:06', '2021-10-03 07:07:06'),
(477, 17, 220, 1, 0, '2021-10-03 07:13:17', '2021-10-03 07:13:17'),
(478, 25, 219, 1, 0, '2021-10-03 07:32:48', '2021-10-03 07:32:48'),
(479, 27, 219, 1, 0, '2021-10-03 07:32:48', '2021-10-03 07:32:48'),
(480, 22, 219, 1, 0, '2021-10-03 07:32:48', '2021-10-03 07:32:48'),
(481, 94, 219, 1, 0, '2021-10-03 07:32:48', '2021-10-03 07:32:48'),
(482, 58, 219, 1, 0, '2021-10-03 07:32:48', '2021-10-03 07:32:48'),
(483, 52, 219, 1, 0, '2021-10-03 07:32:48', '2021-10-03 07:32:48'),
(484, 58, 216, 2, 0, '2021-10-03 07:34:19', '2021-10-03 07:34:19'),
(485, 25, 219, 1, 0, '2021-10-03 07:43:25', '2021-10-03 07:43:25'),
(486, 76, 218, 1, 0, '2021-10-03 07:48:09', '2021-10-03 07:48:09'),
(487, 25, 219, 1, 0, '2021-10-03 07:55:07', '2021-10-03 07:55:07'),
(488, 7, 219, 1, 0, '2021-10-03 07:55:07', '2021-10-03 07:55:07'),
(489, 14, 219, 1, 0, '2021-10-03 07:55:07', '2021-10-03 07:55:07'),
(490, 84, 221, 1, 0, '2021-10-03 08:11:51', '2021-10-03 08:11:51'),
(491, 22, 221, 1, 0, '2021-10-03 08:11:51', '2021-10-03 08:11:51'),
(492, 31, 221, 1, 0, '2021-10-03 08:11:51', '2021-10-03 08:11:51'),
(493, 71, 222, 1, 0, '2021-10-03 08:28:50', '2021-10-03 08:28:50'),
(494, 19, 223, 1, 0, '2021-10-03 09:15:55', '2021-10-03 09:15:55'),
(495, 20, 224, 1, 0, '2021-10-04 00:14:22', '2021-10-04 00:14:22'),
(496, 37, 224, 1, 0, '2021-10-04 00:14:22', '2021-10-04 00:14:22'),
(497, 15, 224, 1, 0, '2021-10-04 00:14:22', '2021-10-04 00:14:22'),
(498, 46, 224, 1, 0, '2021-10-04 00:14:22', '2021-10-04 00:14:22'),
(499, 76, 224, 1, 0, '2021-10-04 00:14:22', '2021-10-04 00:14:22'),
(500, 71, 224, 1, 0, '2021-10-04 00:14:22', '2021-10-04 00:14:22'),
(501, 45, 224, 1, 0, '2021-10-04 01:11:23', '2021-10-04 01:11:23'),
(502, 15, 224, 1, 0, '2021-10-04 01:11:23', '2021-10-04 01:11:23'),
(503, 90, 225, 1, 0, '2021-10-04 01:14:30', '2021-10-04 01:14:30'),
(504, 88, 225, 1, 0, '2021-10-04 01:14:30', '2021-10-04 01:14:30'),
(509, 17, 228, 1, 0, '2021-10-04 02:05:38', '2021-10-04 02:05:38'),
(510, 84, 228, 1, 0, '2021-10-04 02:05:38', '2021-10-04 02:05:38'),
(511, 71, 228, 1, 0, '2021-10-04 02:05:38', '2021-10-04 02:05:38'),
(512, 52, 228, 1, 0, '2021-10-04 02:05:38', '2021-10-04 02:05:38'),
(515, 58, 230, 1, 0, '2021-10-04 03:40:07', '2021-10-04 03:40:07'),
(516, 14, 230, 1, 0, '2021-10-04 03:40:07', '2021-10-04 03:40:07'),
(517, 29, 230, 8, 0, '2021-10-04 05:23:45', '2021-10-04 05:23:45'),
(518, 27, 230, 1, 0, '2021-10-04 05:23:45', '2021-10-04 05:23:45'),
(519, 2, 230, 1, 0, '2021-10-04 05:23:45', '2021-10-04 05:23:45'),
(520, 14, 230, 3, 0, '2021-10-04 05:23:45', '2021-10-04 05:23:45'),
(521, 8, 230, 2, 0, '2021-10-04 05:23:45', '2021-10-04 05:23:45'),
(522, 56, 230, 1, 0, '2021-10-04 05:23:45', '2021-10-04 05:23:45'),
(523, 61, 230, 1, 0, '2021-10-04 05:23:45', '2021-10-04 05:23:45'),
(524, 58, 230, 2, 0, '2021-10-04 05:23:45', '2021-10-04 05:23:45'),
(525, 64, 230, 1, 0, '2021-10-04 05:23:45', '2021-10-04 05:23:45'),
(526, 68, 230, 5, 0, '2021-10-04 05:31:42', '2021-10-04 05:31:42'),
(527, 29, 230, 2, 0, '2021-10-04 05:55:28', '2021-10-04 05:55:28'),
(528, 71, 230, 1, 0, '2021-10-04 05:57:15', '2021-10-04 05:57:15'),
(529, 51, 230, 1, 0, '2021-10-04 06:06:38', '2021-10-04 06:06:38'),
(530, 51, 230, 2, 0, '2021-10-04 06:15:39', '2021-10-04 06:15:39'),
(531, 8, 231, 1, 0, '2021-10-04 06:17:23', '2021-10-04 06:17:23'),
(532, 1, 232, 1, 0, '2021-10-04 06:49:50', '2021-10-04 06:49:50'),
(533, 4, 232, 1, 0, '2021-10-04 06:49:50', '2021-10-04 06:49:50'),
(534, 58, 232, 1, 0, '2021-10-04 06:49:50', '2021-10-04 06:49:50'),
(535, 79, 232, 1, 0, '2021-10-04 06:49:50', '2021-10-04 06:49:50'),
(536, 41, 233, 1, 0, '2021-10-04 06:53:02', '2021-10-04 06:53:02'),
(537, 42, 234, 3, 0, '2021-10-04 07:00:44', '2021-10-04 07:00:44'),
(538, 84, 233, 1, 0, '2021-10-04 07:08:17', '2021-10-04 07:08:17'),
(539, 41, 235, 2, 0, '2021-10-04 07:18:21', '2021-10-04 07:18:21'),
(540, 41, 236, 1, 0, '2021-10-04 07:53:10', '2021-10-04 07:53:10'),
(544, 42, 238, 1, 0, '2021-10-04 08:13:22', '2021-10-04 08:13:22'),
(545, 1, 238, 2, 0, '2021-10-04 08:13:22', '2021-10-04 08:13:22'),
(546, 79, 238, 2, 0, '2021-10-04 08:13:22', '2021-10-04 08:13:22'),
(547, 75, 238, 2, 0, '2021-10-04 08:13:22', '2021-10-04 08:13:22'),
(548, 81, 238, 1, 0, '2021-10-04 08:13:22', '2021-10-04 08:13:22'),
(549, 68, 238, 2, 0, '2021-10-04 08:13:22', '2021-10-04 08:13:22'),
(550, 18, 239, 2, 0, '2021-10-04 08:15:44', '2021-10-04 08:15:44'),
(551, 62, 239, 1, 0, '2021-10-04 08:15:44', '2021-10-04 08:15:44'),
(552, 61, 239, 1, 0, '2021-10-04 08:15:44', '2021-10-04 08:15:44'),
(553, 81, 240, 1, 0, '2021-10-04 08:26:21', '2021-10-04 08:26:21'),
(554, 1, 238, 1, 0, '2021-10-04 08:30:48', '2021-10-04 08:30:48'),
(555, 45, 241, 1, 0, '2021-10-04 08:39:09', '2021-10-04 08:39:09'),
(556, 49, 241, 1, 0, '2021-10-04 08:39:09', '2021-10-04 08:39:09'),
(557, 5, 241, 1, 0, '2021-10-04 08:39:09', '2021-10-04 08:39:09'),
(558, 78, 241, 1, 0, '2021-10-04 08:39:09', '2021-10-04 08:39:09'),
(559, 79, 241, 1, 0, '2021-10-04 08:39:09', '2021-10-04 08:39:09'),
(560, 75, 241, 2, 0, '2021-10-04 09:14:07', '2021-10-04 09:14:07'),
(561, 88, 242, 5, 0, '2021-10-04 09:56:53', '2021-10-04 09:56:53'),
(562, 87, 242, 1, 0, '2021-10-04 09:56:53', '2021-10-04 09:56:53'),
(563, 86, 242, 1, 0, '2021-10-04 09:56:53', '2021-10-04 09:56:53'),
(564, 91, 242, 2, 0, '2021-10-04 09:56:53', '2021-10-04 09:56:53'),
(565, 88, 243, 1, 0, '2021-10-04 09:57:55', '2021-10-04 09:57:55'),
(566, 75, 244, 1, 0, '2021-10-05 22:40:21', '2021-10-05 22:40:21'),
(567, 78, 244, 1, 0, '2021-10-05 22:40:21', '2021-10-05 22:40:21'),
(568, 45, 244, 1, 0, '2021-10-05 22:40:21', '2021-10-05 22:40:21'),
(569, 26, 245, 1, 0, '2021-10-06 04:21:46', '2021-10-06 04:21:46'),
(570, 55, 245, 1, 0, '2021-10-06 04:21:46', '2021-10-06 04:21:46'),
(571, 50, 245, 1, 0, '2021-10-06 04:25:44', '2021-10-06 04:25:44'),
(572, 19, 246, 1, 0, '2021-10-06 05:10:31', '2021-10-06 05:10:31'),
(573, 33, 246, 1, 0, '2021-10-06 05:10:31', '2021-10-06 05:10:31'),
(574, 65, 246, 1, 0, '2021-10-06 05:10:31', '2021-10-06 05:10:31'),
(575, 71, 246, 1, 0, '2021-10-06 05:10:31', '2021-10-06 05:10:31'),
(576, 41, 246, 1, 0, '2021-10-06 05:44:52', '2021-10-06 05:44:52'),
(577, 17, 247, 2, 0, '2021-10-06 05:49:19', '2021-10-06 05:49:19'),
(578, 5, 248, 2, 0, '2021-10-06 06:15:36', '2021-10-06 06:15:36'),
(579, 14, 248, 1, 0, '2021-10-06 06:15:36', '2021-10-06 06:15:36'),
(580, 58, 248, 1, 0, '2021-10-06 06:15:36', '2021-10-06 06:15:36'),
(581, 65, 248, 1, 0, '2021-10-06 06:15:36', '2021-10-06 06:15:36'),
(582, 63, 248, 1, 0, '2021-10-06 06:15:36', '2021-10-06 06:15:36'),
(583, 59, 248, 1, 0, '2021-10-06 06:15:36', '2021-10-06 06:15:36'),
(584, 17, 247, 1, 0, '2021-10-06 06:15:52', '2021-10-06 06:15:52'),
(585, 42, 249, 1, 0, '2021-10-06 06:21:38', '2021-10-06 06:21:38'),
(586, 42, 250, 1, 0, '2021-10-06 06:24:49', '2021-10-06 06:24:49'),
(587, 32, 251, 1, 0, '2021-10-06 06:59:34', '2021-10-06 06:59:34'),
(588, 17, 251, 1, 0, '2021-10-06 06:59:34', '2021-10-06 06:59:34'),
(589, 29, 251, 1, 0, '2021-10-06 06:59:34', '2021-10-06 06:59:34'),
(590, 76, 251, 3, 0, '2021-10-06 06:59:34', '2021-10-06 06:59:34'),
(591, 29, 252, 3, 0, '2021-10-06 07:24:19', '2021-10-06 07:24:19'),
(592, 71, 252, 1, 0, '2021-10-06 07:24:19', '2021-10-06 07:24:19'),
(593, 55, 252, 2, 0, '2021-10-06 07:24:19', '2021-10-06 07:24:19'),
(598, 45, 254, 1, 0, '2021-10-06 07:41:22', '2021-10-06 07:41:22'),
(599, 14, 254, 1, 0, '2021-10-06 07:41:22', '2021-10-06 07:41:22'),
(600, 78, 254, 1, 0, '2021-10-06 07:41:22', '2021-10-06 07:41:22'),
(601, 69, 254, 1, 0, '2021-10-06 07:41:22', '2021-10-06 07:41:22'),
(602, 75, 252, 1, 0, '2021-10-06 07:42:45', '2021-10-06 07:42:45'),
(603, 1, 252, 1, 0, '2021-10-06 07:42:45', '2021-10-06 07:42:45'),
(604, 23, 248, 1, 0, '2021-10-06 07:48:59', '2021-10-06 07:48:59'),
(605, 29, 248, 1, 0, '2021-10-06 07:48:59', '2021-10-06 07:48:59'),
(606, 32, 248, 1, 0, '2021-10-06 07:48:59', '2021-10-06 07:48:59'),
(607, 17, 255, 1, 0, '2021-10-06 08:01:46', '2021-10-06 08:01:46'),
(608, 31, 255, 1, 0, '2021-10-06 08:01:46', '2021-10-06 08:01:46'),
(609, 5, 255, 1, 0, '2021-10-06 08:01:46', '2021-10-06 08:01:46'),
(610, 62, 255, 1, 0, '2021-10-06 08:01:46', '2021-10-06 08:01:46'),
(611, 62, 255, 1, 0, '2021-10-06 08:05:15', '2021-10-06 08:05:15'),
(612, 5, 256, 1, 0, '2021-10-06 08:07:58', '2021-10-06 08:07:58'),
(613, 14, 256, 1, 0, '2021-10-06 08:07:58', '2021-10-06 08:07:58'),
(614, 65, 256, 1, 0, '2021-10-06 08:07:58', '2021-10-06 08:07:58'),
(615, 63, 256, 1, 0, '2021-10-06 08:07:58', '2021-10-06 08:07:58'),
(616, 59, 256, 1, 0, '2021-10-06 08:07:58', '2021-10-06 08:07:58'),
(617, 23, 256, 1, 0, '2021-10-06 08:07:58', '2021-10-06 08:07:58'),
(618, 29, 256, 1, 0, '2021-10-06 08:07:58', '2021-10-06 08:07:58'),
(619, 32, 256, 1, 0, '2021-10-06 08:07:58', '2021-10-06 08:07:58'),
(620, 58, 256, 1, 0, '2021-10-06 08:08:49', '2021-10-06 08:08:49'),
(621, 77, 254, 1, 0, '2021-10-06 08:20:55', '2021-10-06 08:20:55'),
(622, 15, 257, 1, 0, '2021-10-06 09:01:49', '2021-10-06 09:01:49'),
(623, 1, 257, 1, 0, '2021-10-06 09:01:49', '2021-10-06 09:01:49'),
(624, 83, 257, 1, 0, '2021-10-06 09:01:49', '2021-10-06 09:01:49'),
(625, 56, 257, 1, 0, '2021-10-06 09:01:49', '2021-10-06 09:01:49'),
(626, 32, 258, 1, 0, '2021-10-07 02:17:08', '2021-10-07 02:17:08'),
(627, 84, 258, 1, 0, '2021-10-07 02:17:08', '2021-10-07 02:17:08'),
(628, 17, 258, 1, 0, '2021-10-07 02:17:08', '2021-10-07 02:17:08'),
(629, 22, 258, 1, 0, '2021-10-07 02:17:08', '2021-10-07 02:17:08'),
(630, 8, 258, 1, 0, '2021-10-07 02:17:08', '2021-10-07 02:17:08'),
(631, 52, 258, 3, 0, '2021-10-07 02:17:08', '2021-10-07 02:17:08'),
(632, 55, 258, 1, 0, '2021-10-07 02:17:08', '2021-10-07 02:17:08'),
(633, 91, 258, 2, 0, '2021-10-07 02:17:08', '2021-10-07 02:17:08'),
(635, 7, 260, 1, 0, '2021-10-07 04:05:15', '2021-10-07 04:05:15'),
(636, 81, 262, 1, 0, '2021-10-07 04:23:25', '2021-10-07 04:23:25'),
(637, 7, 263, 1, 0, '2021-10-07 04:30:10', '2021-10-07 04:30:10'),
(638, 75, 263, 1, 0, '2021-10-07 04:30:10', '2021-10-07 04:30:10'),
(640, 32, 265, 2, 0, '2021-10-07 04:43:06', '2021-10-07 04:43:06'),
(641, 17, 265, 1, 0, '2021-10-07 04:43:06', '2021-10-07 04:43:06'),
(642, 27, 265, 1, 0, '2021-10-07 04:43:06', '2021-10-07 04:43:06'),
(643, 45, 265, 1, 0, '2021-10-07 04:43:06', '2021-10-07 04:43:06'),
(644, 8, 265, 1, 0, '2021-10-07 04:43:06', '2021-10-07 04:43:06'),
(645, 55, 265, 1, 0, '2021-10-07 04:43:06', '2021-10-07 04:43:06'),
(646, 52, 265, 1, 0, '2021-10-07 04:43:06', '2021-10-07 04:43:06'),
(647, 79, 265, 2, 0, '2021-10-07 04:43:06', '2021-10-07 04:43:06'),
(648, 71, 265, 1, 0, '2021-10-07 04:43:06', '2021-10-07 04:43:06'),
(649, 35, 266, 1, 0, '2021-10-07 05:39:53', '2021-10-07 05:39:53'),
(650, 28, 266, 2, 0, '2021-10-07 05:39:53', '2021-10-07 05:39:53'),
(651, 32, 266, 4, 0, '2021-10-07 05:39:53', '2021-10-07 05:39:53'),
(652, 26, 266, 1, 0, '2021-10-07 05:39:53', '2021-10-07 05:39:53'),
(653, 84, 266, 1, 0, '2021-10-07 05:39:53', '2021-10-07 05:39:53'),
(654, 11, 266, 1, 0, '2021-10-07 05:39:53', '2021-10-07 05:39:53'),
(655, 14, 266, 2, 0, '2021-10-07 05:39:53', '2021-10-07 05:39:53'),
(656, 21, 266, 1, 0, '2021-10-07 05:39:53', '2021-10-07 05:39:53'),
(657, 61, 266, 2, 0, '2021-10-07 05:39:53', '2021-10-07 05:39:53'),
(658, 55, 266, 2, 0, '2021-10-07 05:39:53', '2021-10-07 05:39:53'),
(659, 79, 266, 1, 0, '2021-10-07 05:39:53', '2021-10-07 05:39:53'),
(660, 71, 266, 3, 0, '2021-10-07 05:39:53', '2021-10-07 05:39:53'),
(661, 59, 266, 1, 0, '2021-10-07 05:39:53', '2021-10-07 05:39:53'),
(662, 68, 266, 1, 0, '2021-10-07 05:39:53', '2021-10-07 05:39:53'),
(663, 11, 266, 1, 0, '2021-10-07 06:00:28', '2021-10-07 06:00:28'),
(664, 93, 267, 1, 0, '2021-10-07 06:26:27', '2021-10-07 06:26:27'),
(665, 22, 267, 1, 0, '2021-10-07 06:26:27', '2021-10-07 06:26:27'),
(666, 8, 267, 1, 0, '2021-10-07 06:26:27', '2021-10-07 06:26:27'),
(667, 51, 267, 2, 0, '2021-10-07 06:31:19', '2021-10-07 06:31:19'),
(668, 10, 268, 1, 0, '2021-10-07 06:47:51', '2021-10-07 06:47:51'),
(669, 2, 268, 1, 0, '2021-10-07 06:47:51', '2021-10-07 06:47:51'),
(670, 84, 268, 1, 0, '2021-10-07 06:47:51', '2021-10-07 06:47:51'),
(671, 29, 268, 1, 0, '2021-10-07 06:47:51', '2021-10-07 06:47:51'),
(672, 71, 268, 2, 0, '2021-10-07 06:47:51', '2021-10-07 06:47:51'),
(673, 3, 269, 1, 0, '2021-10-07 07:27:09', '2021-10-07 07:27:09'),
(675, 40, 271, 1, 0, '2021-10-07 08:04:20', '2021-10-07 08:04:20'),
(676, 3, 272, 1, 0, '2021-10-07 09:05:11', '2021-10-07 09:05:11'),
(677, 46, 272, 1, 0, '2021-10-07 09:05:11', '2021-10-07 09:05:11'),
(678, 44, 273, 1, 0, '2021-10-07 09:13:22', '2021-10-07 09:13:22'),
(679, 46, 269, 1, 0, '2021-10-07 09:29:28', '2021-10-07 09:29:28'),
(680, 4, 274, 1, 0, '2021-10-07 22:53:21', '2021-10-07 22:53:21'),
(681, 55, 274, 1, 0, '2021-10-07 22:53:21', '2021-10-07 22:53:21'),
(682, 41, 274, 1, 0, '2021-10-07 23:15:17', '2021-10-07 23:15:17'),
(683, 65, 274, 1, 0, '2021-10-07 23:15:17', '2021-10-07 23:15:17'),
(684, 71, 274, 2, 0, '2021-10-07 23:15:17', '2021-10-07 23:15:17'),
(685, 71, 274, 1, 0, '2021-10-07 23:15:46', '2021-10-07 23:15:46'),
(686, 42, 274, 1, 0, '2021-10-08 00:34:41', '2021-10-08 00:34:41'),
(687, 41, 274, 2, 0, '2021-10-08 00:34:41', '2021-10-08 00:34:41'),
(688, 44, 274, 1, 0, '2021-10-08 00:34:41', '2021-10-08 00:34:41'),
(689, 65, 274, 1, 0, '2021-10-08 00:34:41', '2021-10-08 00:34:41'),
(690, 71, 274, 1, 0, '2021-10-08 00:34:41', '2021-10-08 00:34:41'),
(691, 75, 274, 2, 0, '2021-10-08 00:34:41', '2021-10-08 00:34:41'),
(692, 68, 274, 1, 0, '2021-10-08 00:34:41', '2021-10-08 00:34:41'),
(693, 17, 274, 2, 0, '2021-10-08 00:34:41', '2021-10-08 00:34:41'),
(694, 32, 274, 9, 0, '2021-10-08 00:34:41', '2021-10-08 00:34:41'),
(695, 79, 274, 1, 0, '2021-10-08 00:34:41', '2021-10-08 00:34:41'),
(696, 70, 274, 1, 0, '2021-10-08 00:34:41', '2021-10-08 00:34:41'),
(697, 75, 274, 2, 0, '2021-10-08 00:34:41', '2021-10-08 00:34:41'),
(698, 71, 274, 2, 0, '2021-10-08 00:34:41', '2021-10-08 00:34:41'),
(699, 32, 274, 1, 0, '2021-10-08 00:38:06', '2021-10-08 00:38:06'),
(700, 17, 274, 3, 0, '2021-10-08 00:49:23', '2021-10-08 00:49:23'),
(701, 71, 275, 1, 0, '2021-10-08 00:51:09', '2021-10-08 00:51:09'),
(702, 66, 276, 1, 0, '2021-10-08 01:22:42', '2021-10-08 01:22:42'),
(703, 65, 276, 1, 0, '2021-10-08 01:22:42', '2021-10-08 01:22:42'),
(704, 35, 277, 1, 0, '2021-10-08 02:39:37', '2021-10-08 02:39:37'),
(705, 1, 277, 1, 0, '2021-10-08 02:39:37', '2021-10-08 02:39:37'),
(706, 59, 277, 2, 0, '2021-10-08 02:39:37', '2021-10-08 02:39:37'),
(707, 64, 277, 1, 0, '2021-10-08 02:39:37', '2021-10-08 02:39:37'),
(708, 91, 277, 1, 0, '2021-10-08 02:51:25', '2021-10-08 02:51:25'),
(709, 35, 277, 1, 0, '2021-10-08 02:59:54', '2021-10-08 02:59:54'),
(710, 49, 277, 1, 0, '2021-10-08 02:59:54', '2021-10-08 02:59:54'),
(711, 8, 278, 1, 0, '2021-10-08 06:30:11', '2021-10-08 06:30:11'),
(712, 32, 278, 1, 0, '2021-10-08 06:30:11', '2021-10-08 06:30:11'),
(713, 41, 278, 1, 0, '2021-10-08 06:30:11', '2021-10-08 06:30:11'),
(714, 55, 278, 1, 0, '2021-10-08 06:30:11', '2021-10-08 06:30:11'),
(715, 57, 278, 1, 0, '2021-10-08 06:30:11', '2021-10-08 06:30:11'),
(716, 54, 278, 1, 0, '2021-10-08 06:30:11', '2021-10-08 06:30:11'),
(717, 76, 278, 1, 0, '2021-10-08 06:30:11', '2021-10-08 06:30:11'),
(718, 1, 278, 1, 0, '2021-10-08 06:53:55', '2021-10-08 06:53:55'),
(719, 2, 278, 1, 0, '2021-10-08 06:53:55', '2021-10-08 06:53:55'),
(720, 17, 278, 1, 0, '2021-10-08 06:53:55', '2021-10-08 06:53:55'),
(721, 79, 278, 1, 0, '2021-10-08 07:13:19', '2021-10-08 07:13:19'),
(722, 76, 278, 1, 0, '2021-10-08 07:13:19', '2021-10-08 07:13:19'),
(723, 73, 278, 1, 0, '2021-10-08 07:13:19', '2021-10-08 07:13:19'),
(724, 84, 279, 1, 0, '2021-10-08 07:14:38', '2021-10-08 07:14:38'),
(725, 32, 279, 1, 0, '2021-10-08 07:14:38', '2021-10-08 07:14:38'),
(726, 5, 279, 1, 0, '2021-10-08 07:14:38', '2021-10-08 07:14:38'),
(727, 77, 279, 1, 0, '2021-10-08 07:14:38', '2021-10-08 07:14:38'),
(728, 79, 279, 1, 0, '2021-10-08 07:14:38', '2021-10-08 07:14:38'),
(730, 92, 281, 1, 0, '2021-10-08 07:43:36', '2021-10-08 07:43:36'),
(731, 81, 282, 3, 0, '2021-10-08 09:17:22', '2021-10-08 09:17:22'),
(732, 81, 283, 2, 0, '2021-10-08 09:24:11', '2021-10-08 09:24:11'),
(733, 51, 283, 1, 0, '2021-10-08 09:24:11', '2021-10-08 09:24:11'),
(734, 41, 283, 1, 0, '2021-10-08 09:24:11', '2021-10-08 09:24:11'),
(735, 17, 283, 1, 0, '2021-10-08 09:24:11', '2021-10-08 09:24:11'),
(736, 8, 283, 1, 0, '2021-10-08 09:24:11', '2021-10-08 09:24:11'),
(742, 68, 285, 1, 0, '2021-10-08 09:26:31', '2021-10-08 09:26:31'),
(744, 71, 286, 1, 0, '2021-10-08 09:51:39', '2021-10-08 09:51:39'),
(745, 79, 286, 1, 0, '2021-10-08 09:51:39', '2021-10-08 09:51:39'),
(746, 4, 286, 1, 0, '2021-10-08 09:51:39', '2021-10-08 09:51:39'),
(747, 15, 286, 1, 0, '2021-10-08 09:51:39', '2021-10-08 09:51:39'),
(748, 32, 286, 1, 0, '2021-10-08 09:51:39', '2021-10-08 09:51:39'),
(749, 85, 287, 1, 0, '2021-10-08 10:12:29', '2021-10-08 10:12:29'),
(750, 91, 287, 3, 0, '2021-10-08 10:12:29', '2021-10-08 10:12:29'),
(751, 92, 287, 2, 0, '2021-10-08 10:12:29', '2021-10-08 10:12:29'),
(752, 88, 287, 3, 0, '2021-10-08 10:12:29', '2021-10-08 10:12:29'),
(753, 43, 288, 1, 0, '2021-10-09 15:15:04', '2021-10-09 15:15:04'),
(754, 8, 288, 1, 0, '2021-10-09 15:15:04', '2021-10-09 15:15:04'),
(755, 63, 288, 1, 0, '2021-10-09 15:15:04', '2021-10-09 15:15:04'),
(756, 55, 288, 1, 0, '2021-10-09 15:15:04', '2021-10-09 15:15:04'),
(757, 2, 289, 1, 0, '2021-10-09 16:44:12', '2021-10-09 16:44:12'),
(758, 12, 289, 1, 0, '2021-10-09 16:44:12', '2021-10-09 16:44:12'),
(759, 81, 289, 1, 0, '2021-10-09 16:44:12', '2021-10-09 16:44:12'),
(760, 65, 289, 1, 0, '2021-10-09 16:44:12', '2021-10-09 16:44:12'),
(761, 77, 290, 1, 0, '2021-10-09 16:50:49', '2021-10-09 16:50:49'),
(762, 75, 290, 1, 0, '2021-10-09 16:50:49', '2021-10-09 16:50:49'),
(763, 11, 290, 1, 0, '2021-10-09 16:50:49', '2021-10-09 16:50:49'),
(764, 17, 290, 1, 0, '2021-10-09 17:01:50', '2021-10-09 17:01:50'),
(765, 78, 290, 1, 0, '2021-10-09 17:01:50', '2021-10-09 17:01:50'),
(766, 62, 290, 1, 0, '2021-10-09 17:01:50', '2021-10-09 17:01:50'),
(767, 30, 291, 1, 0, '2021-10-09 17:24:52', '2021-10-09 17:24:52'),
(768, 19, 291, 1, 0, '2021-10-09 17:24:52', '2021-10-09 17:24:52'),
(769, 15, 291, 1, 0, '2021-10-09 17:24:52', '2021-10-09 17:24:52'),
(770, 77, 291, 1, 0, '2021-10-09 17:24:52', '2021-10-09 17:24:52'),
(772, 41, 293, 1, 0, '2021-10-09 18:01:56', '2021-10-09 18:01:56'),
(773, 40, 293, 3, 0, '2021-10-09 18:01:56', '2021-10-09 18:01:56'),
(774, 46, 294, 1, 0, '2021-10-09 18:29:13', '2021-10-09 18:29:13'),
(775, 3, 294, 1, 0, '2021-10-09 18:29:13', '2021-10-09 18:29:13'),
(776, 32, 294, 1, 0, '2021-10-09 18:29:13', '2021-10-09 18:29:13'),
(777, 52, 294, 1, 0, '2021-10-09 18:29:13', '2021-10-09 18:29:13'),
(778, 79, 294, 1, 0, '2021-10-09 18:29:13', '2021-10-09 18:29:13'),
(779, 63, 294, 1, 0, '2021-10-09 18:29:13', '2021-10-09 18:29:13'),
(780, 17, 295, 1, 0, '2021-10-09 18:36:38', '2021-10-09 18:36:38'),
(781, 18, 295, 1, 0, '2021-10-09 18:36:38', '2021-10-09 18:36:38'),
(782, 10, 295, 1, 0, '2021-10-09 18:36:38', '2021-10-09 18:36:38'),
(783, 58, 295, 1, 0, '2021-10-09 18:36:38', '2021-10-09 18:36:38'),
(784, 56, 295, 1, 0, '2021-10-09 18:36:38', '2021-10-09 18:36:38'),
(785, 22, 296, 1, 0, '2021-10-09 18:38:56', '2021-10-09 18:38:56'),
(786, 29, 296, 1, 0, '2021-10-09 18:38:56', '2021-10-09 18:38:56'),
(787, 17, 296, 1, 0, '2021-10-09 18:38:56', '2021-10-09 18:38:56'),
(788, 2, 296, 1, 0, '2021-10-09 18:38:56', '2021-10-09 18:38:56'),
(789, 79, 296, 1, 0, '2021-10-09 18:38:56', '2021-10-09 18:38:56'),
(790, 58, 296, 1, 0, '2021-10-09 18:38:56', '2021-10-09 18:38:56'),
(791, 61, 296, 1, 0, '2021-10-09 18:38:56', '2021-10-09 18:38:56'),
(796, 29, 298, 2, 0, '2021-10-09 18:50:41', '2021-10-09 18:50:41'),
(797, 60, 298, 1, 0, '2021-10-09 18:50:41', '2021-10-09 18:50:41'),
(798, 52, 298, 1, 0, '2021-10-09 18:50:41', '2021-10-09 18:50:41'),
(799, 71, 295, 1, 0, '2021-10-09 19:02:25', '2021-10-09 19:02:25'),
(800, 17, 299, 1, 0, '2021-10-09 19:13:58', '2021-10-09 19:13:58'),
(801, 18, 299, 1, 0, '2021-10-09 19:13:58', '2021-10-09 19:13:58'),
(802, 35, 299, 3, 0, '2021-10-09 19:13:58', '2021-10-09 19:13:58'),
(803, 61, 299, 1, 0, '2021-10-09 19:13:58', '2021-10-09 19:13:58'),
(804, 54, 299, 1, 0, '2021-10-09 19:13:58', '2021-10-09 19:13:58'),
(805, 58, 299, 1, 0, '2021-10-09 19:13:58', '2021-10-09 19:13:58'),
(809, 17, 303, 1, 0, '2021-10-09 20:18:40', '2021-10-09 20:18:40'),
(810, 31, 303, 1, 0, '2021-10-09 20:18:40', '2021-10-09 20:18:40'),
(811, 35, 303, 1, 0, '2021-10-09 20:18:40', '2021-10-09 20:18:40'),
(812, 42, 303, 1, 0, '2021-10-09 20:18:40', '2021-10-09 20:18:40'),
(813, 4, 303, 1, 0, '2021-10-09 20:18:40', '2021-10-09 20:18:40'),
(814, 76, 303, 3, 0, '2021-10-09 20:18:40', '2021-10-09 20:18:40'),
(815, 79, 303, 1, 0, '2021-10-09 20:18:40', '2021-10-09 20:18:40'),
(817, 32, 305, 1, 0, '2021-10-09 20:29:46', '2021-10-09 20:29:46'),
(818, 17, 305, 1, 0, '2021-10-09 20:29:46', '2021-10-09 20:29:46'),
(819, 52, 305, 2, 0, '2021-10-09 20:29:46', '2021-10-09 20:29:46'),
(820, 61, 306, 2, 0, '2021-10-09 21:04:27', '2021-10-09 21:04:27'),
(821, 68, 306, 2, 0, '2021-10-09 21:04:27', '2021-10-09 21:04:27'),
(822, 65, 306, 2, 0, '2021-10-09 21:04:27', '2021-10-09 21:04:27'),
(823, 79, 306, 1, 0, '2021-10-09 21:04:27', '2021-10-09 21:04:27'),
(824, 2, 306, 1, 0, '2021-10-09 21:04:27', '2021-10-09 21:04:27'),
(825, 8, 306, 1, 0, '2021-10-09 21:04:27', '2021-10-09 21:04:27'),
(826, 19, 307, 3, 0, '2021-10-09 21:05:44', '2021-10-09 21:05:44'),
(827, 18, 307, 1, 0, '2021-10-09 21:05:44', '2021-10-09 21:05:44'),
(828, 31, 307, 1, 0, '2021-10-09 21:05:44', '2021-10-09 21:05:44'),
(829, 5, 307, 1, 0, '2021-10-09 21:05:44', '2021-10-09 21:05:44'),
(830, 79, 307, 1, 0, '2021-10-09 21:05:44', '2021-10-09 21:05:44'),
(831, 55, 307, 3, 0, '2021-10-09 21:05:44', '2021-10-09 21:05:44'),
(832, 71, 307, 1, 0, '2021-10-09 21:05:44', '2021-10-09 21:05:44'),
(833, 76, 305, 1, 0, '2021-10-09 21:09:09', '2021-10-09 21:09:09'),
(838, 4, 310, 1, 0, '2021-10-10 12:47:15', '2021-10-10 12:47:15'),
(839, 11, 310, 1, 0, '2021-10-10 12:47:15', '2021-10-10 12:47:15'),
(840, 7, 310, 1, 0, '2021-10-10 12:47:15', '2021-10-10 12:47:15'),
(841, 25, 310, 1, 0, '2021-10-10 12:47:15', '2021-10-10 12:47:15'),
(842, 29, 310, 1, 0, '2021-10-10 12:47:15', '2021-10-10 12:47:15'),
(843, 32, 310, 1, 0, '2021-10-10 12:47:15', '2021-10-10 12:47:15'),
(844, 38, 310, 1, 0, '2021-10-10 12:47:15', '2021-10-10 12:47:15'),
(845, 57, 310, 1, 0, '2021-10-10 12:47:15', '2021-10-10 12:47:15'),
(846, 65, 310, 1, 0, '2021-10-10 12:47:15', '2021-10-10 12:47:15'),
(847, 64, 310, 1, 0, '2021-10-10 12:47:15', '2021-10-10 12:47:15'),
(848, 77, 310, 1, 0, '2021-10-10 12:47:15', '2021-10-10 12:47:15'),
(849, 71, 310, 2, 0, '2021-10-10 13:09:38', '2021-10-10 13:09:38'),
(850, 29, 311, 1, 0, '2021-10-10 13:33:37', '2021-10-10 13:33:37'),
(851, 20, 311, 1, 0, '2021-10-10 13:33:37', '2021-10-10 13:33:37'),
(852, 2, 311, 1, 0, '2021-10-10 13:33:37', '2021-10-10 13:33:37'),
(853, 3, 311, 1, 0, '2021-10-10 13:33:37', '2021-10-10 13:33:37'),
(854, 11, 311, 1, 0, '2021-10-10 13:33:37', '2021-10-10 13:33:37'),
(855, 68, 311, 2, 0, '2021-10-10 13:33:37', '2021-10-10 13:33:37'),
(856, 60, 311, 2, 0, '2021-10-10 13:33:37', '2021-10-10 13:33:37'),
(857, 38, 312, 1, 0, '2021-10-10 14:30:45', '2021-10-10 14:30:45'),
(858, 29, 312, 1, 0, '2021-10-10 14:30:45', '2021-10-10 14:30:45'),
(859, 3, 312, 1, 0, '2021-10-10 14:30:45', '2021-10-10 14:30:45'),
(860, 1, 312, 1, 0, '2021-10-10 14:30:45', '2021-10-10 14:30:45'),
(861, 84, 312, 1, 0, '2021-10-10 14:30:45', '2021-10-10 14:30:45'),
(862, 17, 312, 1, 0, '2021-10-10 14:30:45', '2021-10-10 14:30:45'),
(863, 18, 312, 1, 0, '2021-10-10 14:30:45', '2021-10-10 14:30:45'),
(864, 93, 312, 2, 0, '2021-10-10 14:30:45', '2021-10-10 14:30:45'),
(865, 55, 312, 2, 0, '2021-10-10 14:30:45', '2021-10-10 14:30:45'),
(866, 51, 312, 2, 0, '2021-10-10 14:30:45', '2021-10-10 14:30:45'),
(867, 76, 312, 1, 0, '2021-10-10 14:30:45', '2021-10-10 14:30:45'),
(868, 64, 312, 1, 0, '2021-10-10 14:30:45', '2021-10-10 14:30:45'),
(896, 29, 316, 1, 0, '2021-10-10 14:41:13', '2021-10-10 14:41:13'),
(897, 18, 316, 1, 0, '2021-10-10 14:41:13', '2021-10-10 14:41:13'),
(898, 8, 316, 1, 0, '2021-10-10 14:41:13', '2021-10-10 14:41:13'),
(899, 5, 316, 1, 0, '2021-10-10 14:41:13', '2021-10-10 14:41:13'),
(900, 71, 316, 1, 0, '2021-10-10 14:41:13', '2021-10-10 14:41:13'),
(901, 86, 316, 1, 0, '2021-10-10 14:41:13', '2021-10-10 14:41:13'),
(902, 87, 316, 1, 0, '2021-10-10 14:41:13', '2021-10-10 14:41:13'),
(904, 17, 317, 1, 0, '2021-10-10 15:02:16', '2021-10-10 15:02:16'),
(905, 1, 317, 3, 0, '2021-10-10 15:02:16', '2021-10-10 15:02:16'),
(906, 38, 317, 4, 0, '2021-10-10 15:02:16', '2021-10-10 15:02:16'),
(907, 28, 317, 2, 0, '2021-10-10 15:02:16', '2021-10-10 15:02:16'),
(908, 29, 317, 5, 0, '2021-10-10 15:02:16', '2021-10-10 15:02:16'),
(909, 84, 317, 3, 0, '2021-10-10 15:02:16', '2021-10-10 15:02:16'),
(910, 91, 317, 2, 0, '2021-10-10 15:02:16', '2021-10-10 15:02:16'),
(911, 65, 317, 1, 0, '2021-10-10 15:02:16', '2021-10-10 15:02:16'),
(912, 59, 317, 1, 0, '2021-10-10 15:02:16', '2021-10-10 15:02:16'),
(913, 64, 317, 2, 0, '2021-10-10 15:02:16', '2021-10-10 15:02:16'),
(914, 71, 317, 3, 0, '2021-10-10 15:02:16', '2021-10-10 15:02:16'),
(915, 78, 317, 1, 0, '2021-10-10 15:02:16', '2021-10-10 15:02:16'),
(916, 51, 317, 1, 0, '2021-10-10 15:02:16', '2021-10-10 15:02:16'),
(917, 18, 312, 1, 0, '2021-10-10 15:07:46', '2021-10-10 15:07:46'),
(918, 55, 312, 1, 0, '2021-10-10 15:08:14', '2021-10-10 15:08:14'),
(919, 71, 316, 1, 0, '2021-10-10 15:10:14', '2021-10-10 15:10:14'),
(920, 29, 317, 1, 0, '2021-10-10 15:15:38', '2021-10-10 15:15:38'),
(922, 64, 319, 1, 0, '2021-10-10 15:38:08', '2021-10-10 15:38:08'),
(923, 65, 319, 2, 0, '2021-10-10 15:38:08', '2021-10-10 15:38:08'),
(924, 39, 319, 1, 0, '2021-10-10 15:38:08', '2021-10-10 15:38:08'),
(925, 91, 320, 1, 0, '2021-10-10 15:40:21', '2021-10-10 15:40:21'),
(926, 17, 321, 1, 0, '2021-10-10 16:53:15', '2021-10-10 16:53:15'),
(927, 29, 321, 1, 0, '2021-10-10 16:53:15', '2021-10-10 16:53:15'),
(928, 5, 321, 1, 0, '2021-10-10 16:53:15', '2021-10-10 16:53:15'),
(929, 14, 321, 1, 0, '2021-10-10 16:53:15', '2021-10-10 16:53:15'),
(930, 79, 321, 1, 0, '2021-10-10 16:53:15', '2021-10-10 16:53:15'),
(931, 71, 321, 1, 0, '2021-10-10 16:53:15', '2021-10-10 16:53:15'),
(932, 51, 321, 1, 0, '2021-10-10 16:53:15', '2021-10-10 16:53:15'),
(933, 31, 322, 2, 0, '2021-10-10 16:54:07', '2021-10-10 16:54:07'),
(934, 2, 322, 1, 0, '2021-10-10 16:54:07', '2021-10-10 16:54:07'),
(935, 10, 322, 1, 0, '2021-10-10 16:54:07', '2021-10-10 16:54:07'),
(936, 58, 322, 1, 0, '2021-10-10 16:54:07', '2021-10-10 16:54:07'),
(937, 76, 322, 1, 0, '2021-10-10 16:54:07', '2021-10-10 16:54:07'),
(938, 42, 323, 1, 0, '2021-10-10 17:22:23', '2021-10-10 17:22:23'),
(939, 40, 324, 1, 0, '2021-10-10 18:39:19', '2021-10-10 18:39:19'),
(940, 44, 324, 1, 0, '2021-10-10 18:39:19', '2021-10-10 18:39:19'),
(941, 17, 324, 2, 0, '2021-10-10 18:39:19', '2021-10-10 18:39:19'),
(942, 29, 324, 1, 0, '2021-10-10 18:39:19', '2021-10-10 18:39:19'),
(943, 9, 324, 1, 0, '2021-10-10 18:39:19', '2021-10-10 18:39:19'),
(944, 29, 325, 6, 0, '2021-10-10 19:02:27', '2021-10-10 19:02:27'),
(945, 8, 325, 1, 0, '2021-10-10 19:02:27', '2021-10-10 19:02:27'),
(946, 30, 325, 1, 0, '2021-10-10 19:12:20', '2021-10-10 19:12:20'),
(947, 79, 325, 5, 0, '2021-10-10 19:13:55', '2021-10-10 19:13:55'),
(948, 75, 325, 1, 0, '2021-10-10 19:13:55', '2021-10-10 19:13:55'),
(949, 58, 325, 1, 0, '2021-10-10 19:13:55', '2021-10-10 19:13:55'),
(950, 29, 325, 1, 0, '2021-10-10 19:22:06', '2021-10-10 19:22:06'),
(951, 76, 325, 1, 0, '2021-10-10 19:29:09', '2021-10-10 19:29:09'),
(952, 68, 325, 1, 0, '2021-10-10 19:29:09', '2021-10-10 19:29:09'),
(953, 8, 326, 1, 0, '2021-10-10 19:46:06', '2021-10-10 19:46:06'),
(954, 3, 326, 1, 0, '2021-10-10 19:46:06', '2021-10-10 19:46:06'),
(955, 17, 326, 1, 0, '2021-10-10 19:46:06', '2021-10-10 19:46:06'),
(956, 71, 325, 2, 0, '2021-10-10 19:53:37', '2021-10-10 19:53:37'),
(957, 84, 327, 1, 0, '2021-10-10 20:21:14', '2021-10-10 20:21:14'),
(958, 27, 327, 1, 0, '2021-10-10 20:21:14', '2021-10-10 20:21:14'),
(959, 1, 327, 1, 0, '2021-10-10 20:21:14', '2021-10-10 20:21:14'),
(960, 8, 327, 1, 0, '2021-10-10 20:21:14', '2021-10-10 20:21:14'),
(961, 44, 327, 1, 0, '2021-10-10 20:21:14', '2021-10-10 20:21:14'),
(962, 65, 327, 2, 0, '2021-10-10 20:21:14', '2021-10-10 20:21:14'),
(963, 63, 327, 1, 0, '2021-10-10 20:21:14', '2021-10-10 20:21:14'),
(968, 23, 329, 1, 0, '2021-10-11 16:50:03', '2021-10-11 16:50:03'),
(969, 29, 329, 1, 0, '2021-10-11 16:50:03', '2021-10-11 16:50:03'),
(970, 71, 329, 1, 0, '2021-10-11 16:50:03', '2021-10-11 16:50:03'),
(971, 23, 330, 1, 0, '2021-10-11 17:13:32', '2021-10-11 17:13:32'),
(972, 27, 330, 1, 0, '2021-10-11 17:13:32', '2021-10-11 17:13:32'),
(973, 76, 330, 2, 0, '2021-10-11 17:13:32', '2021-10-11 17:13:32'),
(974, 94, 330, 1, 0, '2021-10-11 17:19:36', '2021-10-11 17:19:36'),
(975, 31, 331, 1, 0, '2021-10-11 17:38:03', '2021-10-11 17:38:03'),
(976, 2, 331, 1, 0, '2021-10-11 17:38:03', '2021-10-11 17:38:03'),
(977, 51, 331, 1, 0, '2021-10-11 17:38:03', '2021-10-11 17:38:03'),
(978, 71, 331, 1, 0, '2021-10-11 17:38:03', '2021-10-11 17:38:03'),
(986, 87, 333, 2, 0, '2021-10-11 18:03:30', '2021-10-11 18:03:30'),
(987, 44, 334, 1, 0, '2021-10-11 18:13:17', '2021-10-11 18:13:17'),
(988, 18, 334, 2, 0, '2021-10-11 18:13:17', '2021-10-11 18:13:17'),
(989, 19, 334, 1, 0, '2021-10-11 18:13:17', '2021-10-11 18:13:17'),
(990, 65, 334, 1, 0, '2021-10-11 18:13:17', '2021-10-11 18:13:17'),
(991, 72, 334, 1, 0, '2021-10-11 18:13:17', '2021-10-11 18:13:17'),
(992, 61, 334, 1, 0, '2021-10-11 18:13:17', '2021-10-11 18:13:17'),
(993, 9, 335, 1, 0, '2021-10-11 18:16:42', '2021-10-11 18:16:42'),
(994, 36, 335, 5, 0, '2021-10-11 18:16:42', '2021-10-11 18:16:42'),
(995, 28, 335, 1, 0, '2021-10-11 18:16:42', '2021-10-11 18:16:42'),
(996, 37, 335, 2, 0, '2021-10-11 18:16:42', '2021-10-11 18:16:42'),
(997, 22, 335, 2, 0, '2021-10-11 18:16:42', '2021-10-11 18:16:42'),
(998, 17, 335, 2, 0, '2021-10-11 18:16:42', '2021-10-11 18:16:42'),
(999, 64, 335, 1, 0, '2021-10-11 18:16:42', '2021-10-11 18:16:42'),
(1000, 76, 335, 1, 0, '2021-10-11 18:16:42', '2021-10-11 18:16:42'),
(1001, 68, 335, 1, 0, '2021-10-11 18:16:42', '2021-10-11 18:16:42'),
(1002, 55, 335, 4, 0, '2021-10-11 18:16:42', '2021-10-11 18:16:42'),
(1003, 56, 335, 2, 0, '2021-10-11 18:16:42', '2021-10-11 18:16:42'),
(1004, 65, 335, 3, 0, '2021-10-11 18:16:42', '2021-10-11 18:16:42'),
(1005, 66, 335, 1, 0, '2021-10-11 18:16:42', '2021-10-11 18:16:42'),
(1006, 42, 335, 3, 0, '2021-10-11 18:19:11', '2021-10-11 18:19:11'),
(1007, 17, 335, 2, 0, '2021-10-11 18:48:26', '2021-10-11 18:48:26'),
(1008, 29, 336, 1, 0, '2021-10-11 18:59:02', '2021-10-11 18:59:02'),
(1009, 19, 336, 1, 0, '2021-10-11 18:59:02', '2021-10-11 18:59:02'),
(1010, 22, 336, 1, 0, '2021-10-11 18:59:02', '2021-10-11 18:59:02'),
(1011, 3, 336, 1, 0, '2021-10-11 18:59:02', '2021-10-11 18:59:02'),
(1012, 71, 336, 1, 0, '2021-10-11 18:59:02', '2021-10-11 18:59:02'),
(1013, 61, 336, 1, 0, '2021-10-11 18:59:02', '2021-10-11 18:59:02'),
(1014, 58, 336, 1, 0, '2021-10-11 18:59:02', '2021-10-11 18:59:02'),
(1015, 75, 337, 1, 0, '2021-10-11 19:08:24', '2021-10-11 19:08:24'),
(1016, 55, 337, 1, 0, '2021-10-11 19:08:24', '2021-10-11 19:08:24'),
(1017, 9, 337, 1, 0, '2021-10-11 19:08:24', '2021-10-11 19:08:24'),
(1018, 36, 337, 5, 0, '2021-10-11 19:08:24', '2021-10-11 19:08:24'),
(1019, 28, 337, 1, 0, '2021-10-11 19:08:24', '2021-10-11 19:08:24'),
(1020, 37, 337, 2, 0, '2021-10-11 19:08:24', '2021-10-11 19:08:24'),
(1021, 22, 337, 2, 0, '2021-10-11 19:08:24', '2021-10-11 19:08:24'),
(1022, 17, 337, 2, 0, '2021-10-11 19:08:24', '2021-10-11 19:08:24'),
(1023, 64, 337, 1, 0, '2021-10-11 19:08:24', '2021-10-11 19:08:24'),
(1024, 76, 337, 1, 0, '2021-10-11 19:08:24', '2021-10-11 19:08:24'),
(1025, 68, 337, 1, 0, '2021-10-11 19:08:24', '2021-10-11 19:08:24'),
(1026, 55, 337, 4, 0, '2021-10-11 19:08:24', '2021-10-11 19:08:24'),
(1027, 22, 337, 2, 0, '2021-10-11 19:08:24', '2021-10-11 19:08:24'),
(1028, 56, 337, 2, 0, '2021-10-11 19:08:24', '2021-10-11 19:08:24'),
(1029, 65, 337, 3, 0, '2021-10-11 19:08:24', '2021-10-11 19:08:24'),
(1030, 66, 337, 1, 0, '2021-10-11 19:08:24', '2021-10-11 19:08:24'),
(1031, 55, 337, 1, 0, '2021-10-11 19:08:24', '2021-10-11 19:08:24');
INSERT INTO `order_menu` (`id`, `id_menu`, `id_penjualan`, `jumlah`, `status`, `created_at`, `updated_at`) VALUES
(1032, 75, 337, 1, 0, '2021-10-11 19:08:24', '2021-10-11 19:08:24'),
(1033, 17, 337, 4, 0, '2021-10-11 19:08:24', '2021-10-11 19:08:24'),
(1034, 42, 337, 3, 0, '2021-10-11 19:08:24', '2021-10-11 19:08:24'),
(1035, 22, 338, 1, 0, '2021-10-11 19:09:21', '2021-10-11 19:09:21'),
(1036, 17, 337, 4, 0, '2021-10-11 19:13:58', '2021-10-11 19:13:58'),
(1037, 89, 336, 1, 0, '2021-10-11 19:34:15', '2021-10-11 19:34:15'),
(1038, 85, 336, 1, 0, '2021-10-11 19:34:15', '2021-10-11 19:34:15'),
(1039, 30, 339, 1, 0, '2021-10-11 19:40:18', '2021-10-11 19:40:18'),
(1040, 48, 339, 1, 0, '2021-10-11 19:40:18', '2021-10-11 19:40:18'),
(1041, 37, 340, 2, 0, '2021-10-11 19:53:21', '2021-10-11 19:53:21'),
(1042, 5, 340, 1, 0, '2021-10-11 19:53:21', '2021-10-11 19:53:21'),
(1043, 99, 340, 2, 0, '2021-10-11 19:57:07', '2021-10-11 19:57:07'),
(1044, 84, 340, 2, 0, '2021-10-11 19:57:07', '2021-10-11 19:57:07'),
(1045, 12, 340, 1, 0, '2021-10-11 19:57:07', '2021-10-11 19:57:07'),
(1046, 32, 340, 1, 0, '2021-10-11 19:57:07', '2021-10-11 19:57:07'),
(1047, 36, 340, 1, 0, '2021-10-11 19:57:07', '2021-10-11 19:57:07'),
(1048, 21, 340, 1, 0, '2021-10-11 19:57:07', '2021-10-11 19:57:07'),
(1049, 69, 340, 1, 0, '2021-10-11 19:57:07', '2021-10-11 19:57:07'),
(1050, 61, 340, 1, 0, '2021-10-11 19:57:07', '2021-10-11 19:57:07'),
(1051, 81, 340, 1, 0, '2021-10-11 19:57:07', '2021-10-11 19:57:07'),
(1052, 71, 340, 2, 0, '2021-10-11 19:57:07', '2021-10-11 19:57:07'),
(1053, 29, 341, 1, 0, '2021-10-13 18:09:19', '2021-10-13 18:09:19'),
(1054, 25, 341, 1, 0, '2021-10-13 18:09:19', '2021-10-13 18:09:19'),
(1055, 99, 342, 1, 0, '2021-10-13 18:59:56', '2021-10-13 18:59:56'),
(1056, 17, 342, 1, 0, '2021-10-13 18:59:56', '2021-10-13 18:59:56'),
(1057, 32, 343, 1, 0, '2021-10-13 19:21:34', '2021-10-13 19:21:34'),
(1058, 22, 343, 1, 0, '2021-10-13 19:21:34', '2021-10-13 19:21:34'),
(1059, 38, 343, 1, 0, '2021-10-13 19:21:34', '2021-10-13 19:21:34'),
(1060, 4, 343, 1, 0, '2021-10-13 19:21:34', '2021-10-13 19:21:34'),
(1061, 76, 343, 2, 0, '2021-10-13 19:21:34', '2021-10-13 19:21:34'),
(1062, 64, 343, 1, 0, '2021-10-13 19:21:34', '2021-10-13 19:21:34'),
(1063, 11, 344, 1, 0, '2021-10-13 19:22:53', '2021-10-13 19:22:53'),
(1064, 17, 344, 1, 0, '2021-10-13 19:22:53', '2021-10-13 19:22:53'),
(1065, 71, 344, 1, 0, '2021-10-13 19:22:53', '2021-10-13 19:22:53'),
(1066, 68, 344, 1, 0, '2021-10-13 19:22:53', '2021-10-13 19:22:53'),
(1067, 99, 345, 1, 0, '2021-10-13 19:50:42', '2021-10-13 19:50:42'),
(1068, 5, 345, 1, 0, '2021-10-13 19:50:42', '2021-10-13 19:50:42'),
(1069, 75, 345, 1, 0, '2021-10-13 19:50:42', '2021-10-13 19:50:42'),
(1070, 78, 345, 1, 0, '2021-10-13 19:50:42', '2021-10-13 19:50:42'),
(1071, 54, 345, 1, 0, '2021-10-13 19:50:42', '2021-10-13 19:50:42'),
(1072, 80, 345, 1, 0, '2021-10-13 19:50:42', '2021-10-13 19:50:42'),
(1073, 91, 343, 1, 0, '2021-10-13 20:19:22', '2021-10-13 20:19:22'),
(1074, 77, 346, 1, 0, '2021-10-13 20:37:03', '2021-10-13 20:37:03'),
(1075, 4, 347, 1, 0, '2021-10-13 22:02:38', '2021-10-13 22:02:38'),
(1076, 2, 347, 1, 0, '2021-10-13 22:02:38', '2021-10-13 22:02:38'),
(1077, 69, 347, 1, 0, '2021-10-13 22:02:38', '2021-10-13 22:02:38'),
(1078, 59, 347, 1, 0, '2021-10-13 22:02:38', '2021-10-13 22:02:38'),
(1079, 69, 347, 1, 0, '2021-10-13 22:08:37', '2021-10-13 22:08:37'),
(1080, 86, 347, 1, 0, '2021-10-13 22:14:42', '2021-10-13 22:14:42'),
(1081, 10, 348, 1, 0, '2021-10-14 16:58:56', '2021-10-14 16:58:56'),
(1082, 99, 348, 1, 0, '2021-10-14 16:58:56', '2021-10-14 16:58:56'),
(1083, 3, 348, 1, 0, '2021-10-14 16:58:56', '2021-10-14 16:58:56'),
(1084, 68, 348, 1, 0, '2021-10-14 16:58:56', '2021-10-14 16:58:56'),
(1085, 64, 348, 1, 0, '2021-10-14 16:58:56', '2021-10-14 16:58:56'),
(1086, 1, 349, 1, 0, '2021-10-14 17:17:44', '2021-10-14 17:17:44'),
(1087, 5, 349, 1, 0, '2021-10-14 17:17:44', '2021-10-14 17:17:44'),
(1088, 75, 349, 2, 0, '2021-10-14 17:17:44', '2021-10-14 17:17:44'),
(1089, 40, 350, 1, 0, '2021-10-14 19:24:56', '2021-10-14 19:24:56'),
(1090, 5, 350, 1, 0, '2021-10-14 19:24:56', '2021-10-14 19:24:56'),
(1091, 14, 351, 1, 0, '2021-10-14 19:56:00', '2021-10-14 19:56:00'),
(1092, 32, 351, 2, 0, '2021-10-14 19:56:00', '2021-10-14 19:56:00'),
(1093, 15, 351, 1, 0, '2021-10-14 19:56:00', '2021-10-14 19:56:00'),
(1094, 44, 351, 1, 0, '2021-10-14 19:56:00', '2021-10-14 19:56:00'),
(1095, 94, 351, 1, 0, '2021-10-14 19:56:00', '2021-10-14 19:56:00'),
(1096, 28, 351, 1, 0, '2021-10-14 19:56:00', '2021-10-14 19:56:00'),
(1097, 27, 351, 1, 0, '2021-10-14 19:56:00', '2021-10-14 19:56:00'),
(1098, 11, 351, 1, 0, '2021-10-14 19:56:00', '2021-10-14 19:56:00'),
(1099, 17, 351, 1, 0, '2021-10-14 19:56:00', '2021-10-14 19:56:00'),
(1100, 58, 351, 1, 0, '2021-10-14 19:56:00', '2021-10-14 19:56:00'),
(1101, 64, 351, 1, 0, '2021-10-14 19:56:00', '2021-10-14 19:56:00'),
(1102, 65, 351, 1, 0, '2021-10-14 19:56:00', '2021-10-14 19:56:00'),
(1103, 80, 351, 1, 0, '2021-10-14 19:56:00', '2021-10-14 19:56:00'),
(1104, 75, 351, 1, 0, '2021-10-14 19:56:00', '2021-10-14 19:56:00'),
(1105, 76, 351, 1, 0, '2021-10-14 19:56:00', '2021-10-14 19:56:00'),
(1106, 76, 351, 1, 0, '2021-10-14 19:56:00', '2021-10-14 19:56:00'),
(1107, 69, 351, 1, 0, '2021-10-14 19:56:00', '2021-10-14 19:56:00'),
(1108, 28, 352, 1, 0, '2021-10-14 20:08:34', '2021-10-14 20:08:34'),
(1109, 97, 352, 1, 0, '2021-10-14 20:08:34', '2021-10-14 20:08:34'),
(1110, 41, 352, 1, 0, '2021-10-14 20:08:34', '2021-10-14 20:08:34'),
(1111, 83, 352, 2, 0, '2021-10-14 20:10:02', '2021-10-14 20:10:02'),
(1112, 29, 351, 1, 0, '2021-10-14 20:18:28', '2021-10-14 20:18:28'),
(1113, 30, 351, 1, 0, '2021-10-14 20:18:28', '2021-10-14 20:18:28'),
(1114, 52, 351, 1, 0, '2021-10-14 20:18:28', '2021-10-14 20:18:28'),
(1115, 61, 351, 1, 0, '2021-10-14 20:18:28', '2021-10-14 20:18:28'),
(1116, 33, 351, 1, 0, '2021-10-14 20:27:35', '2021-10-14 20:27:35'),
(1117, 27, 353, 2, 0, '2021-10-15 12:19:05', '2021-10-15 12:19:05'),
(1118, 61, 353, 2, 0, '2021-10-15 12:19:05', '2021-10-15 12:19:05'),
(1119, 69, 354, 2, 0, '2021-10-15 12:43:31', '2021-10-15 12:43:31'),
(1120, 66, 354, 2, 0, '2021-10-15 12:43:31', '2021-10-15 12:43:31'),
(1121, 8, 354, 1, 0, '2021-10-15 12:43:31', '2021-10-15 12:43:31'),
(1122, 29, 355, 1, 0, '2021-10-15 16:50:41', '2021-10-15 16:50:41'),
(1123, 59, 356, 8, 0, '2021-10-15 16:52:07', '2021-10-15 16:52:07'),
(1124, 17, 357, 1, 0, '2021-10-15 17:18:40', '2021-10-15 17:18:40'),
(1125, 31, 357, 1, 0, '2021-10-15 17:18:40', '2021-10-15 17:18:40'),
(1126, 11, 357, 1, 0, '2021-10-15 17:18:40', '2021-10-15 17:18:40'),
(1127, 55, 357, 2, 0, '2021-10-15 17:18:40', '2021-10-15 17:18:40'),
(1128, 13, 358, 1, 0, '2021-10-15 19:23:03', '2021-10-15 19:23:03'),
(1129, 5, 358, 1, 0, '2021-10-15 19:23:03', '2021-10-15 19:23:03'),
(1130, 63, 358, 1, 0, '2021-10-15 19:23:03', '2021-10-15 19:23:03'),
(1131, 55, 358, 1, 0, '2021-10-15 19:23:03', '2021-10-15 19:23:03'),
(1132, 60, 358, 1, 0, '2021-10-15 19:23:03', '2021-10-15 19:23:03'),
(1133, 70, 358, 1, 0, '2021-10-15 19:23:03', '2021-10-15 19:23:03'),
(1134, 92, 359, 1, 0, '2021-10-15 19:28:47', '2021-10-15 19:28:47'),
(1135, 62, 360, 1, 0, '2021-10-15 20:29:59', '2021-10-15 20:29:59'),
(1136, 54, 360, 1, 0, '2021-10-15 20:29:59', '2021-10-15 20:29:59'),
(1137, 100, 356, 1, 0, '2021-10-15 20:35:46', '2021-10-15 20:35:46'),
(1138, 87, 356, 1, 0, '2021-10-15 20:35:46', '2021-10-15 20:35:46'),
(1139, 91, 356, 1, 0, '2021-10-15 20:35:46', '2021-10-15 20:35:46'),
(1140, 81, 361, 2, 0, '2021-10-15 20:46:23', '2021-10-15 20:46:23'),
(1141, 9, 362, 2, 0, '2021-10-16 18:54:44', '2021-10-16 18:54:44'),
(1142, 18, 362, 1, 0, '2021-10-16 18:54:44', '2021-10-16 18:54:44'),
(1143, 28, 362, 1, 0, '2021-10-16 18:54:44', '2021-10-16 18:54:44'),
(1144, 98, 362, 1, 0, '2021-10-16 18:54:44', '2021-10-16 18:54:44'),
(1145, 32, 362, 1, 0, '2021-10-16 18:54:44', '2021-10-16 18:54:44'),
(1146, 11, 362, 1, 0, '2021-10-16 18:54:44', '2021-10-16 18:54:44'),
(1147, 41, 362, 1, 0, '2021-10-16 18:54:44', '2021-10-16 18:54:44'),
(1148, 55, 362, 1, 0, '2021-10-16 18:54:44', '2021-10-16 18:54:44'),
(1149, 58, 362, 1, 0, '2021-10-16 18:54:44', '2021-10-16 18:54:44'),
(1150, 71, 362, 2, 0, '2021-10-16 18:54:44', '2021-10-16 18:54:44'),
(1151, 73, 362, 1, 0, '2021-10-16 18:54:44', '2021-10-16 18:54:44'),
(1152, 10, 363, 1, 0, '2021-10-16 18:56:08', '2021-10-16 18:56:08'),
(1153, 22, 363, 1, 0, '2021-10-16 18:56:08', '2021-10-16 18:56:08'),
(1154, 8, 363, 1, 0, '2021-10-16 18:56:08', '2021-10-16 18:56:08'),
(1155, 93, 363, 1, 0, '2021-10-16 18:56:08', '2021-10-16 18:56:08'),
(1156, 76, 363, 1, 0, '2021-10-16 18:56:08', '2021-10-16 18:56:08'),
(1157, 80, 363, 1, 0, '2021-10-16 18:56:08', '2021-10-16 18:56:08'),
(1158, 37, 364, 1, 0, '2021-10-16 19:22:00', '2021-10-16 19:22:00'),
(1159, 38, 364, 1, 0, '2021-10-16 19:22:00', '2021-10-16 19:22:00'),
(1160, 68, 364, 1, 0, '2021-10-16 19:22:00', '2021-10-16 19:22:00'),
(1161, 79, 364, 1, 0, '2021-10-16 19:22:00', '2021-10-16 19:22:00'),
(1162, 3, 365, 1, 0, '2021-10-16 19:26:17', '2021-10-16 19:26:17'),
(1163, 32, 365, 1, 0, '2021-10-16 19:26:17', '2021-10-16 19:26:17'),
(1164, 1, 365, 1, 0, '2021-10-16 19:26:17', '2021-10-16 19:26:17'),
(1165, 28, 365, 1, 0, '2021-10-16 19:26:17', '2021-10-16 19:26:17'),
(1166, 71, 365, 1, 0, '2021-10-16 19:26:17', '2021-10-16 19:26:17'),
(1167, 79, 365, 2, 0, '2021-10-16 19:26:17', '2021-10-16 19:26:17'),
(1168, 52, 366, 1, 0, '2021-10-16 19:33:24', '2021-10-16 19:33:24'),
(1169, 45, 367, 1, 0, '2021-10-16 19:35:04', '2021-10-16 19:35:04'),
(1170, 65, 367, 1, 0, '2021-10-16 19:35:04', '2021-10-16 19:35:04'),
(1171, 96, 367, 1, 0, '2021-10-16 19:35:04', '2021-10-16 19:35:04'),
(1172, 68, 367, 1, 0, '2021-10-16 19:35:04', '2021-10-16 19:35:04'),
(1173, 93, 363, 1, 0, '2021-10-16 19:42:38', '2021-10-16 19:42:38'),
(1174, 93, 362, 1, 0, '2021-10-16 19:59:11', '2021-10-16 19:59:11'),
(1175, 86, 362, 1, 0, '2021-10-16 19:59:11', '2021-10-16 19:59:11'),
(1176, 52, 362, 1, 0, '2021-10-16 20:00:34', '2021-10-16 20:00:34'),
(1177, 27, 368, 1, 0, '2021-10-16 20:03:00', '2021-10-16 20:03:00'),
(1178, 51, 368, 1, 0, '2021-10-16 20:03:00', '2021-10-16 20:03:00'),
(1179, 64, 368, 1, 0, '2021-10-16 20:03:00', '2021-10-16 20:03:00'),
(1180, 1, 369, 1, 0, '2021-10-16 21:06:38', '2021-10-16 21:06:38'),
(1181, 11, 369, 1, 0, '2021-10-16 21:06:38', '2021-10-16 21:06:38'),
(1182, 17, 369, 1, 0, '2021-10-16 21:06:38', '2021-10-16 21:06:38'),
(1183, 31, 369, 1, 0, '2021-10-16 21:06:38', '2021-10-16 21:06:38'),
(1184, 80, 369, 1, 0, '2021-10-16 21:06:38', '2021-10-16 21:06:38'),
(1185, 77, 369, 1, 0, '2021-10-16 21:06:38', '2021-10-16 21:06:38'),
(1186, 40, 366, 1, 0, '2021-10-16 21:06:56', '2021-10-16 21:06:56'),
(1187, 81, 366, 1, 0, '2021-10-16 21:34:25', '2021-10-16 21:34:25'),
(1188, 91, 370, 1, 0, '2021-10-16 22:42:06', '2021-10-16 22:42:06'),
(1189, 88, 370, 1, 0, '2021-10-16 22:42:06', '2021-10-16 22:42:06'),
(1190, 85, 370, 1, 0, '2021-10-16 22:42:06', '2021-10-16 22:42:06'),
(1191, 64, 371, 1, 0, '2021-10-16 22:43:43', '2021-10-16 22:43:43'),
(1192, 17, 372, 2, 0, '2021-10-17 11:16:09', '2021-10-17 11:16:09'),
(1193, 38, 372, 1, 0, '2021-10-17 11:16:09', '2021-10-17 11:16:09'),
(1194, 33, 372, 1, 0, '2021-10-17 11:16:09', '2021-10-17 11:16:09'),
(1195, 1, 372, 2, 0, '2021-10-17 11:16:09', '2021-10-17 11:16:09'),
(1196, 85, 372, 1, 0, '2021-10-17 11:16:09', '2021-10-17 11:16:09'),
(1197, 87, 372, 1, 0, '2021-10-17 11:16:09', '2021-10-17 11:16:09'),
(1198, 55, 372, 2, 0, '2021-10-17 11:16:09', '2021-10-17 11:16:09'),
(1199, 71, 372, 1, 0, '2021-10-17 11:16:09', '2021-10-17 11:16:09'),
(1200, 37, 372, 1, 0, '2021-10-17 11:32:02', '2021-10-17 11:32:02'),
(1201, 23, 373, 1, 0, '2021-10-17 12:01:58', '2021-10-17 12:01:58'),
(1202, 26, 373, 1, 0, '2021-10-17 12:01:58', '2021-10-17 12:01:58'),
(1203, 54, 373, 1, 0, '2021-10-17 12:01:58', '2021-10-17 12:01:58'),
(1204, 71, 373, 1, 0, '2021-10-17 12:01:58', '2021-10-17 12:01:58'),
(1205, 19, 374, 1, 0, '2021-10-17 12:18:07', '2021-10-17 12:18:07'),
(1206, 31, 374, 1, 0, '2021-10-17 12:18:07', '2021-10-17 12:18:07'),
(1207, 62, 374, 1, 0, '2021-10-17 12:18:07', '2021-10-17 12:18:07'),
(1208, 49, 374, 1, 0, '2021-10-17 12:18:07', '2021-10-17 12:18:07'),
(1210, 37, 376, 1, 0, '2021-10-17 17:19:21', '2021-10-17 17:19:21'),
(1211, 10, 376, 1, 0, '2021-10-17 17:19:21', '2021-10-17 17:19:21'),
(1212, 14, 376, 1, 0, '2021-10-17 17:19:21', '2021-10-17 17:19:21'),
(1213, 49, 376, 1, 0, '2021-10-17 17:19:21', '2021-10-17 17:19:21'),
(1214, 54, 376, 1, 0, '2021-10-17 17:19:21', '2021-10-17 17:19:21'),
(1215, 62, 376, 1, 0, '2021-10-17 17:19:21', '2021-10-17 17:19:21'),
(1216, 62, 376, 1, 0, '2021-10-17 17:56:20', '2021-10-17 17:56:20'),
(1217, 22, 376, 1, 0, '2021-10-17 17:57:02', '2021-10-17 17:57:02'),
(1218, 62, 376, 1, 0, '2021-10-17 17:57:02', '2021-10-17 17:57:02'),
(1219, 29, 377, 1, 0, '2021-10-17 17:57:50', '2021-10-17 17:57:50'),
(1220, 97, 377, 1, 0, '2021-10-17 17:57:50', '2021-10-17 17:57:50'),
(1221, 49, 377, 1, 0, '2021-10-17 17:57:50', '2021-10-17 17:57:50'),
(1222, 62, 377, 1, 0, '2021-10-17 17:57:50', '2021-10-17 17:57:50'),
(1223, 65, 377, 1, 0, '2021-10-17 17:57:50', '2021-10-17 17:57:50'),
(1224, 55, 377, 1, 0, '2021-10-17 17:57:50', '2021-10-17 17:57:50'),
(1225, 99, 378, 1, 0, '2021-10-17 18:02:19', '2021-10-17 18:02:19'),
(1226, 29, 379, 1, 0, '2021-10-17 18:34:16', '2021-10-17 18:34:16'),
(1227, 17, 379, 1, 0, '2021-10-17 18:34:16', '2021-10-17 18:34:16'),
(1228, 58, 379, 1, 0, '2021-10-17 18:34:16', '2021-10-17 18:34:16'),
(1229, 68, 379, 1, 0, '2021-10-17 18:34:16', '2021-10-17 18:34:16'),
(1230, 22, 380, 2, 0, '2021-10-17 18:35:14', '2021-10-17 18:35:14'),
(1231, 31, 380, 1, 0, '2021-10-17 18:35:14', '2021-10-17 18:35:14'),
(1232, 49, 380, 1, 0, '2021-10-17 18:35:14', '2021-10-17 18:35:14'),
(1233, 55, 380, 1, 0, '2021-10-17 18:35:14', '2021-10-17 18:35:14'),
(1234, 65, 380, 1, 0, '2021-10-17 18:35:14', '2021-10-17 18:35:14'),
(1235, 76, 380, 1, 0, '2021-10-17 18:35:14', '2021-10-17 18:35:14'),
(1236, 95, 380, 1, 0, '2021-10-17 18:35:14', '2021-10-17 18:35:14'),
(1237, 45, 379, 1, 0, '2021-10-17 18:37:11', '2021-10-17 18:37:11'),
(1238, 44, 381, 1, 0, '2021-10-17 18:39:03', '2021-10-17 18:39:03'),
(1239, 42, 381, 2, 0, '2021-10-17 18:39:03', '2021-10-17 18:39:03'),
(1240, 84, 381, 1, 0, '2021-10-17 18:39:03', '2021-10-17 18:39:03'),
(1241, 27, 381, 2, 0, '2021-10-17 18:39:03', '2021-10-17 18:39:03'),
(1242, 35, 381, 2, 0, '2021-10-17 18:39:03', '2021-10-17 18:39:03'),
(1243, 45, 381, 1, 0, '2021-10-17 18:39:03', '2021-10-17 18:39:03'),
(1244, 17, 382, 1, 0, '2021-10-17 18:57:12', '2021-10-17 18:57:12'),
(1245, 22, 382, 1, 0, '2021-10-17 18:57:12', '2021-10-17 18:57:12'),
(1246, 10, 382, 1, 0, '2021-10-17 18:57:12', '2021-10-17 18:57:12'),
(1247, 45, 382, 1, 0, '2021-10-17 18:57:12', '2021-10-17 18:57:12'),
(1248, 79, 382, 2, 0, '2021-10-17 18:57:12', '2021-10-17 18:57:12'),
(1249, 95, 382, 1, 0, '2021-10-17 18:57:12', '2021-10-17 18:57:12'),
(1250, 71, 382, 1, 0, '2021-10-17 18:57:12', '2021-10-17 18:57:12'),
(1251, 14, 383, 1, 0, '2021-10-17 18:57:36', '2021-10-17 18:57:36'),
(1252, 80, 383, 1, 0, '2021-10-17 18:57:36', '2021-10-17 18:57:36'),
(1253, 14, 383, 1, 0, '2021-10-17 19:24:06', '2021-10-17 19:24:06'),
(1254, 100, 383, 1, 0, '2021-10-17 19:24:06', '2021-10-17 19:24:06'),
(1255, 28, 384, 1, 0, '2021-10-17 19:37:29', '2021-10-17 19:37:29'),
(1256, 98, 384, 1, 0, '2021-10-17 19:37:29', '2021-10-17 19:37:29'),
(1257, 25, 384, 1, 0, '2021-10-17 19:37:29', '2021-10-17 19:37:29'),
(1258, 19, 384, 1, 0, '2021-10-17 19:37:29', '2021-10-17 19:37:29'),
(1259, 76, 384, 1, 0, '2021-10-17 19:37:29', '2021-10-17 19:37:29'),
(1260, 70, 384, 1, 0, '2021-10-17 19:37:29', '2021-10-17 19:37:29'),
(1261, 69, 384, 1, 0, '2021-10-17 19:37:29', '2021-10-17 19:37:29'),
(1262, 22, 381, 4, 0, '2021-10-17 19:38:25', '2021-10-17 19:38:25'),
(1263, 15, 385, 1, 0, '2021-10-17 20:07:50', '2021-10-17 20:07:50'),
(1264, 45, 385, 1, 0, '2021-10-17 20:07:50', '2021-10-17 20:07:50'),
(1265, 31, 385, 1, 0, '2021-10-17 20:07:50', '2021-10-17 20:07:50'),
(1266, 17, 385, 1, 0, '2021-10-17 20:07:50', '2021-10-17 20:07:50'),
(1267, 58, 385, 2, 0, '2021-10-17 20:07:50', '2021-10-17 20:07:50'),
(1268, 55, 385, 1, 0, '2021-10-17 20:07:50', '2021-10-17 20:07:50'),
(1269, 60, 385, 1, 0, '2021-10-17 20:07:50', '2021-10-17 20:07:50'),
(1270, 66, 385, 1, 0, '2021-10-17 20:07:50', '2021-10-17 20:07:50'),
(1271, 93, 385, 1, 0, '2021-10-17 20:07:50', '2021-10-17 20:07:50'),
(1272, 3, 385, 1, 0, '2021-10-17 20:08:56', '2021-10-17 20:08:56'),
(1273, 2, 386, 2, 0, '2021-10-17 20:37:23', '2021-10-17 20:37:23'),
(1274, 63, 386, 2, 0, '2021-10-17 20:37:23', '2021-10-17 20:37:23'),
(1275, 71, 386, 1, 0, '2021-10-17 20:37:23', '2021-10-17 20:37:23'),
(1276, 28, 387, 2, 0, '2021-10-17 20:39:36', '2021-10-17 20:39:36'),
(1277, 17, 387, 1, 0, '2021-10-17 20:39:36', '2021-10-17 20:39:36'),
(1278, 5, 387, 1, 0, '2021-10-17 20:39:36', '2021-10-17 20:39:36'),
(1279, 79, 387, 4, 0, '2021-10-17 20:39:36', '2021-10-17 20:39:36'),
(1280, 71, 387, 1, 0, '2021-10-17 20:39:36', '2021-10-17 20:39:36'),
(1281, 67, 387, 1, 0, '2021-10-17 20:39:36', '2021-10-17 20:39:36'),
(1282, 93, 386, 1, 0, '2021-10-17 21:05:53', '2021-10-17 21:05:53'),
(1283, 91, 386, 2, 0, '2021-10-17 21:33:17', '2021-10-17 21:33:17'),
(1284, 93, 386, 2, 0, '2021-10-17 21:33:17', '2021-10-17 21:33:17'),
(1285, 92, 386, 2, 0, '2021-10-17 21:33:17', '2021-10-17 21:33:17'),
(1286, 17, 388, 1, 0, '2021-10-18 15:39:58', '2021-10-18 15:39:58'),
(1287, 58, 388, 1, 0, '2021-10-18 15:39:58', '2021-10-18 15:39:58'),
(1288, 65, 389, 1, 0, '2021-10-18 15:41:34', '2021-10-18 15:41:34'),
(1289, 78, 389, 1, 0, '2021-10-18 15:41:34', '2021-10-18 15:41:34'),
(1290, 5, 390, 1, 0, '2021-10-18 18:08:05', '2021-10-18 18:08:05'),
(1291, 27, 390, 1, 0, '2021-10-18 18:08:05', '2021-10-18 18:08:05'),
(1292, 48, 390, 1, 0, '2021-10-18 18:08:05', '2021-10-18 18:08:05'),
(1293, 63, 390, 1, 0, '2021-10-18 18:08:05', '2021-10-18 18:08:05'),
(1294, 66, 390, 1, 0, '2021-10-18 18:08:05', '2021-10-18 18:08:05'),
(1295, 78, 390, 1, 0, '2021-10-18 18:13:36', '2021-10-18 18:13:36'),
(1299, 11, 392, 1, 0, '2021-10-18 18:52:59', '2021-10-18 18:52:59'),
(1300, 8, 392, 1, 0, '2021-10-18 18:52:59', '2021-10-18 18:52:59'),
(1301, 1, 392, 1, 0, '2021-10-18 18:52:59', '2021-10-18 18:52:59'),
(1302, 14, 392, 1, 0, '2021-10-18 18:52:59', '2021-10-18 18:52:59'),
(1303, 5, 392, 1, 0, '2021-10-18 18:52:59', '2021-10-18 18:52:59'),
(1304, 29, 392, 2, 0, '2021-10-18 18:52:59', '2021-10-18 18:52:59'),
(1305, 17, 392, 3, 0, '2021-10-18 18:52:59', '2021-10-18 18:52:59'),
(1306, 58, 392, 1, 0, '2021-10-18 18:52:59', '2021-10-18 18:52:59'),
(1307, 79, 392, 1, 0, '2021-10-18 18:52:59', '2021-10-18 18:52:59'),
(1308, 61, 392, 3, 0, '2021-10-18 18:52:59', '2021-10-18 18:52:59'),
(1309, 65, 392, 1, 0, '2021-10-18 18:52:59', '2021-10-18 18:52:59'),
(1310, 92, 392, 1, 0, '2021-10-18 18:52:59', '2021-10-18 18:52:59'),
(1311, 5, 392, 1, 0, '2021-10-18 18:55:51', '2021-10-18 18:55:51'),
(1312, 78, 390, 1, 0, '2021-10-18 18:56:54', '2021-10-18 18:56:54'),
(1313, 17, 393, 1, 0, '2021-10-18 18:59:22', '2021-10-18 18:59:22'),
(1314, 24, 393, 1, 0, '2021-10-18 18:59:22', '2021-10-18 18:59:22'),
(1315, 64, 393, 1, 0, '2021-10-18 18:59:22', '2021-10-18 18:59:22'),
(1316, 95, 393, 1, 0, '2021-10-18 18:59:22', '2021-10-18 18:59:22'),
(1317, 30, 390, 2, 0, '2021-10-18 19:15:11', '2021-10-18 19:15:11'),
(1318, 28, 390, 2, 0, '2021-10-18 19:15:11', '2021-10-18 19:15:11'),
(1319, 68, 390, 2, 0, '2021-10-18 19:15:11', '2021-10-18 19:15:11'),
(1320, 71, 390, 1, 0, '2021-10-18 19:15:11', '2021-10-18 19:15:11'),
(1321, 51, 392, 1, 0, '2021-10-18 19:20:02', '2021-10-18 19:20:02'),
(1322, 19, 394, 1, 0, '2021-10-18 19:26:42', '2021-10-18 19:26:42'),
(1323, 5, 395, 1, 0, '2021-10-20 17:26:21', '2021-10-20 17:26:21'),
(1324, 8, 395, 1, 0, '2021-10-20 17:26:21', '2021-10-20 17:26:21'),
(1325, 65, 395, 1, 0, '2021-10-20 17:26:21', '2021-10-20 17:26:21'),
(1326, 58, 395, 1, 0, '2021-10-20 17:26:21', '2021-10-20 17:26:21'),
(1327, 75, 395, 2, 0, '2021-10-20 17:26:21', '2021-10-20 17:26:21'),
(1328, 29, 396, 1, 0, '2021-10-20 17:28:00', '2021-10-20 17:28:00'),
(1329, 28, 396, 1, 0, '2021-10-20 17:28:00', '2021-10-20 17:28:00'),
(1330, 98, 396, 1, 0, '2021-10-20 17:28:00', '2021-10-20 17:28:00'),
(1331, 17, 396, 1, 0, '2021-10-20 17:28:00', '2021-10-20 17:28:00'),
(1332, 2, 396, 1, 0, '2021-10-20 17:28:00', '2021-10-20 17:28:00'),
(1333, 80, 396, 2, 0, '2021-10-20 17:28:00', '2021-10-20 17:28:00'),
(1334, 52, 396, 2, 0, '2021-10-20 17:28:00', '2021-10-20 17:28:00'),
(1335, 8, 397, 1, 0, '2021-10-20 17:58:32', '2021-10-20 17:58:32'),
(1336, 98, 397, 1, 0, '2021-10-20 17:58:32', '2021-10-20 17:58:32'),
(1337, 17, 397, 2, 0, '2021-10-20 17:58:32', '2021-10-20 17:58:32'),
(1338, 24, 397, 1, 0, '2021-10-20 17:58:32', '2021-10-20 17:58:32'),
(1339, 49, 397, 1, 0, '2021-10-20 17:58:32', '2021-10-20 17:58:32'),
(1340, 51, 397, 1, 0, '2021-10-20 17:58:32', '2021-10-20 17:58:32'),
(1341, 66, 397, 1, 0, '2021-10-20 17:58:32', '2021-10-20 17:58:32'),
(1342, 69, 397, 1, 0, '2021-10-20 17:58:32', '2021-10-20 17:58:32'),
(1343, 55, 397, 1, 0, '2021-10-20 17:58:32', '2021-10-20 17:58:32'),
(1344, 31, 398, 1, 0, '2021-10-20 18:08:58', '2021-10-20 18:08:58'),
(1345, 17, 398, 1, 0, '2021-10-20 18:08:58', '2021-10-20 18:08:58'),
(1346, 38, 398, 1, 0, '2021-10-20 18:08:58', '2021-10-20 18:08:58'),
(1347, 98, 398, 1, 0, '2021-10-20 18:08:58', '2021-10-20 18:08:58'),
(1348, 76, 398, 2, 0, '2021-10-20 18:08:58', '2021-10-20 18:08:58'),
(1349, 95, 398, 1, 0, '2021-10-20 18:08:58', '2021-10-20 18:08:58'),
(1350, 80, 398, 1, 0, '2021-10-20 18:08:58', '2021-10-20 18:08:58'),
(1351, 71, 398, 1, 0, '2021-10-20 18:08:58', '2021-10-20 18:08:58'),
(1352, 29, 399, 1, 0, '2021-10-20 18:09:36', '2021-10-20 18:09:36'),
(1353, 95, 399, 1, 0, '2021-10-20 18:09:36', '2021-10-20 18:09:36'),
(1354, 5, 398, 1, 0, '2021-10-20 18:22:32', '2021-10-20 18:22:32'),
(1355, 86, 400, 1, 0, '2021-10-20 18:44:56', '2021-10-20 18:44:56'),
(1356, 91, 400, 1, 0, '2021-10-20 18:44:56', '2021-10-20 18:44:56'),
(1357, 30, 401, 1, 0, '2021-10-20 18:48:27', '2021-10-20 18:48:27'),
(1358, 28, 401, 1, 0, '2021-10-20 18:48:27', '2021-10-20 18:48:27'),
(1359, 65, 401, 1, 0, '2021-10-20 18:48:27', '2021-10-20 18:48:27'),
(1360, 71, 401, 1, 0, '2021-10-20 18:48:27', '2021-10-20 18:48:27'),
(1361, 32, 402, 1, 0, '2021-10-20 18:49:25', '2021-10-20 18:49:25'),
(1362, 84, 402, 1, 0, '2021-10-20 18:49:25', '2021-10-20 18:49:25'),
(1363, 14, 402, 1, 0, '2021-10-20 18:49:25', '2021-10-20 18:49:25'),
(1364, 65, 402, 1, 0, '2021-10-20 18:49:25', '2021-10-20 18:49:25'),
(1365, 54, 402, 1, 0, '2021-10-20 18:49:25', '2021-10-20 18:49:25'),
(1366, 55, 403, 1, 0, '2021-10-20 19:06:39', '2021-10-20 19:06:39'),
(1367, 25, 403, 1, 0, '2021-10-20 19:06:39', '2021-10-20 19:06:39'),
(1368, 1, 404, 1, 0, '2021-10-20 19:06:57', '2021-10-20 19:06:57'),
(1369, 58, 404, 1, 0, '2021-10-20 19:06:57', '2021-10-20 19:06:57'),
(1370, 75, 404, 1, 0, '2021-10-20 19:06:57', '2021-10-20 19:06:57'),
(1371, 79, 404, 1, 0, '2021-10-20 19:06:57', '2021-10-20 19:06:57'),
(1372, 17, 405, 3, 0, '2021-10-20 19:31:50', '2021-10-20 19:31:50'),
(1373, 52, 405, 1, 0, '2021-10-20 19:31:50', '2021-10-20 19:31:50'),
(1374, 80, 405, 2, 0, '2021-10-20 19:31:50', '2021-10-20 19:31:50'),
(1375, 2, 406, 1, 0, '2021-10-20 19:40:32', '2021-10-20 19:40:32'),
(1376, 75, 406, 1, 0, '2021-10-20 19:40:32', '2021-10-20 19:40:32'),
(1377, 58, 406, 1, 0, '2021-10-20 19:40:32', '2021-10-20 19:40:32'),
(1378, 18, 407, 1, 0, '2021-10-20 20:47:58', '2021-10-20 20:47:58'),
(1379, 27, 407, 1, 0, '2021-10-20 20:47:58', '2021-10-20 20:47:58'),
(1380, 14, 407, 1, 0, '2021-10-20 20:47:58', '2021-10-20 20:47:58'),
(1381, 51, 407, 1, 0, '2021-10-20 20:47:58', '2021-10-20 20:47:58'),
(1382, 64, 407, 1, 0, '2021-10-20 20:47:58', '2021-10-20 20:47:58'),
(1383, 58, 407, 1, 0, '2021-10-20 20:47:58', '2021-10-20 20:47:58'),
(1384, 91, 408, 1, 0, '2021-10-20 21:38:44', '2021-10-20 21:38:44'),
(1385, 17, 409, 2, 0, '2021-10-21 14:20:09', '2021-10-21 14:20:09'),
(1386, 31, 409, 2, 0, '2021-10-21 14:20:09', '2021-10-21 14:20:09'),
(1387, 59, 409, 2, 0, '2021-10-21 14:20:09', '2021-10-21 14:20:09'),
(1388, 67, 409, 1, 0, '2021-10-21 14:20:09', '2021-10-21 14:20:09'),
(1392, 14, 411, 1, 0, '2021-10-21 16:16:41', '2021-10-21 16:16:41'),
(1393, 87, 411, 1, 0, '2021-10-21 16:16:41', '2021-10-21 16:16:41'),
(1394, 65, 411, 1, 0, '2021-10-21 16:17:12', '2021-10-21 16:17:12'),
(1395, 42, 412, 1, 0, '2021-10-21 20:49:33', '2021-10-21 20:49:33'),
(1396, 28, 413, 1, 0, '2021-10-21 20:57:53', '2021-10-21 20:57:53'),
(1397, 38, 413, 1, 0, '2021-10-21 20:57:53', '2021-10-21 20:57:53'),
(1398, 2, 413, 1, 0, '2021-10-21 20:57:53', '2021-10-21 20:57:53'),
(1399, 65, 413, 1, 0, '2021-10-21 20:57:53', '2021-10-21 20:57:53'),
(1400, 79, 413, 1, 0, '2021-10-21 20:57:53', '2021-10-21 20:57:53'),
(1401, 18, 414, 1, 0, '2021-10-21 22:09:47', '2021-10-21 22:09:47'),
(1402, 35, 414, 1, 0, '2021-10-21 22:09:47', '2021-10-21 22:09:47'),
(1403, 29, 414, 1, 0, '2021-10-21 22:09:47', '2021-10-21 22:09:47'),
(1404, 25, 414, 1, 0, '2021-10-21 22:09:47', '2021-10-21 22:09:47'),
(1405, 84, 414, 1, 0, '2021-10-21 22:09:47', '2021-10-21 22:09:47'),
(1406, 32, 414, 1, 0, '2021-10-21 22:09:47', '2021-10-21 22:09:47'),
(1407, 1, 414, 1, 0, '2021-10-21 22:09:47', '2021-10-21 22:09:47'),
(1408, 2, 414, 1, 0, '2021-10-21 22:09:47', '2021-10-21 22:09:47'),
(1409, 5, 414, 1, 0, '2021-10-21 22:09:47', '2021-10-21 22:09:47'),
(1410, 45, 414, 1, 0, '2021-10-21 22:09:47', '2021-10-21 22:09:47'),
(1411, 64, 414, 1, 0, '2021-10-21 22:09:47', '2021-10-21 22:09:47'),
(1412, 55, 414, 1, 0, '2021-10-21 22:09:47', '2021-10-21 22:09:47'),
(1413, 76, 414, 1, 0, '2021-10-21 22:09:47', '2021-10-21 22:09:47'),
(1414, 51, 414, 1, 0, '2021-10-21 22:09:47', '2021-10-21 22:09:47'),
(1415, 67, 414, 1, 0, '2021-10-21 22:09:47', '2021-10-21 22:09:47'),
(1416, 54, 414, 1, 0, '2021-10-21 22:09:47', '2021-10-21 22:09:47'),
(1417, 51, 414, 1, 0, '2021-10-21 22:09:47', '2021-10-21 22:09:47'),
(1418, 87, 415, 1, 0, '2021-10-21 22:22:20', '2021-10-21 22:22:20'),
(1419, 88, 415, 1, 0, '2021-10-21 22:22:20', '2021-10-21 22:22:20'),
(1420, 51, 414, 1, 0, '2021-10-21 22:38:23', '2021-10-21 22:38:23'),
(1421, 64, 414, 1, 0, '2021-10-21 22:48:09', '2021-10-21 22:48:09'),
(1422, 87, 416, 1, 0, '2021-10-21 22:59:30', '2021-10-21 22:59:30'),
(1423, 88, 416, 1, 0, '2021-10-21 22:59:30', '2021-10-21 22:59:30'),
(1424, 1, 417, 1, 0, '2021-10-22 15:09:02', '2021-10-22 15:09:02'),
(1425, 80, 417, 1, 0, '2021-10-22 15:09:02', '2021-10-22 15:09:02'),
(1426, 57, 417, 1, 0, '2021-10-22 15:09:02', '2021-10-22 15:09:02'),
(1427, 33, 418, 1, 0, '2021-10-22 15:23:41', '2021-10-22 15:23:41'),
(1428, 26, 418, 1, 0, '2021-10-22 15:23:41', '2021-10-22 15:23:41'),
(1429, 80, 418, 1, 0, '2021-10-22 15:23:41', '2021-10-22 15:23:41'),
(1430, 69, 418, 1, 0, '2021-10-22 15:23:41', '2021-10-22 15:23:41'),
(1431, 32, 419, 2, 0, '2021-10-22 16:02:03', '2021-10-22 16:02:03'),
(1432, 80, 419, 2, 0, '2021-10-22 16:02:03', '2021-10-22 16:02:03'),
(1433, 75, 419, 1, 0, '2021-10-22 16:02:03', '2021-10-22 16:02:03'),
(1434, 19, 418, 1, 0, '2021-10-22 16:03:35', '2021-10-22 16:03:35'),
(1435, 30, 418, 1, 0, '2021-10-22 16:03:35', '2021-10-22 16:03:35'),
(1436, 26, 418, 1, 0, '2021-10-22 16:03:35', '2021-10-22 16:03:35'),
(1437, 79, 418, 1, 0, '2021-10-22 16:03:35', '2021-10-22 16:03:35'),
(1438, 64, 418, 1, 0, '2021-10-22 16:03:35', '2021-10-22 16:03:35'),
(1439, 52, 418, 1, 0, '2021-10-22 16:03:35', '2021-10-22 16:03:35'),
(1440, 17, 419, 1, 0, '2021-10-22 16:37:12', '2021-10-22 16:37:12'),
(1441, 1, 419, 1, 0, '2021-10-22 16:37:12', '2021-10-22 16:37:12'),
(1442, 92, 419, 1, 0, '2021-10-22 16:37:12', '2021-10-22 16:37:12'),
(1443, 99, 420, 1, 0, '2021-10-22 19:22:58', '2021-10-22 19:22:58'),
(1444, 10, 420, 1, 0, '2021-10-22 19:22:58', '2021-10-22 19:22:58'),
(1445, 1, 420, 1, 0, '2021-10-22 19:22:58', '2021-10-22 19:22:58'),
(1446, 17, 420, 1, 0, '2021-10-22 19:22:58', '2021-10-22 19:22:58'),
(1447, 98, 420, 1, 0, '2021-10-22 19:22:58', '2021-10-22 19:22:58'),
(1448, 67, 420, 1, 0, '2021-10-22 19:22:58', '2021-10-22 19:22:58'),
(1449, 60, 420, 1, 0, '2021-10-22 19:22:58', '2021-10-22 19:22:58'),
(1450, 71, 420, 1, 0, '2021-10-22 19:40:54', '2021-10-22 19:40:54'),
(1451, 67, 420, 1, 0, '2021-10-22 19:40:54', '2021-10-22 19:40:54'),
(1456, 44, 420, 1, 0, '2021-10-22 19:43:56', '2021-10-22 19:43:56'),
(1457, 91, 420, 1, 0, '2021-10-22 20:42:26', '2021-10-22 20:42:26'),
(1458, 85, 420, 1, 0, '2021-10-22 21:00:50', '2021-10-22 21:00:50'),
(1459, 71, 420, 1, 0, '2021-10-22 21:00:50', '2021-10-22 21:00:50'),
(1460, 100, 420, 1, 0, '2021-10-22 21:00:50', '2021-10-22 21:00:50'),
(1461, 41, 420, 1, 0, '2021-10-22 21:00:50', '2021-10-22 21:00:50'),
(1462, 42, 422, 1, 0, '2021-10-22 22:02:03', '2021-10-22 22:02:03'),
(1463, 10, 423, 1, 0, '2021-10-23 14:57:06', '2021-10-23 14:57:06'),
(1464, 49, 423, 1, 0, '2021-10-23 14:57:06', '2021-10-23 14:57:06'),
(1465, 39, 423, 1, 0, '2021-10-23 14:57:06', '2021-10-23 14:57:06'),
(1466, 83, 423, 1, 0, '2021-10-23 14:57:06', '2021-10-23 14:57:06'),
(1467, 78, 423, 1, 0, '2021-10-23 14:57:06', '2021-10-23 14:57:06'),
(1468, 32, 424, 1, 0, '2021-10-23 15:07:52', '2021-10-23 15:07:52'),
(1469, 27, 424, 1, 0, '2021-10-23 15:07:52', '2021-10-23 15:07:52'),
(1470, 30, 424, 1, 0, '2021-10-23 15:07:52', '2021-10-23 15:07:52'),
(1471, 35, 424, 1, 0, '2021-10-23 15:07:52', '2021-10-23 15:07:52'),
(1472, 3, 424, 1, 0, '2021-10-23 15:07:52', '2021-10-23 15:07:52'),
(1473, 62, 424, 2, 0, '2021-10-23 15:07:52', '2021-10-23 15:07:52'),
(1474, 79, 424, 1, 0, '2021-10-23 15:07:52', '2021-10-23 15:07:52'),
(1475, 66, 424, 1, 0, '2021-10-23 15:07:52', '2021-10-23 15:07:52'),
(1476, 2, 425, 1, 0, '2021-10-23 19:53:16', '2021-10-23 19:53:16'),
(1477, 10, 425, 1, 0, '2021-10-23 19:53:16', '2021-10-23 19:53:16'),
(1478, 14, 425, 1, 0, '2021-10-23 19:53:16', '2021-10-23 19:53:16'),
(1479, 16, 425, 1, 0, '2021-10-23 19:53:16', '2021-10-23 19:53:16'),
(1480, 12, 425, 1, 0, '2021-10-23 19:53:16', '2021-10-23 19:53:16'),
(1481, 59, 425, 1, 0, '2021-10-23 19:53:16', '2021-10-23 19:53:16'),
(1482, 54, 425, 1, 0, '2021-10-23 19:53:16', '2021-10-23 19:53:16'),
(1483, 65, 425, 1, 0, '2021-10-23 19:53:16', '2021-10-23 19:53:16'),
(1484, 55, 426, 1, 0, '2021-10-23 19:54:53', '2021-10-23 19:54:53'),
(1485, 38, 427, 1, 0, '2021-10-23 20:14:21', '2021-10-23 20:14:21'),
(1486, 19, 428, 1, 0, '2021-10-23 20:16:35', '2021-10-23 20:16:35'),
(1487, 18, 428, 1, 0, '2021-10-23 20:16:35', '2021-10-23 20:16:35'),
(1488, 76, 428, 1, 0, '2021-10-23 20:16:35', '2021-10-23 20:16:35'),
(1489, 71, 428, 1, 0, '2021-10-23 20:16:35', '2021-10-23 20:16:35'),
(1490, 53, 429, 1, 0, '2021-10-23 20:20:34', '2021-10-23 20:20:34'),
(1491, 60, 429, 1, 0, '2021-10-23 20:20:34', '2021-10-23 20:20:34'),
(1492, 18, 429, 1, 0, '2021-10-23 20:20:34', '2021-10-23 20:20:34'),
(1493, 29, 430, 2, 0, '2021-10-23 20:22:12', '2021-10-23 20:22:12'),
(1494, 32, 430, 1, 0, '2021-10-23 20:22:12', '2021-10-23 20:22:12'),
(1495, 26, 430, 1, 0, '2021-10-23 20:22:12', '2021-10-23 20:22:12'),
(1496, 71, 430, 1, 0, '2021-10-23 20:22:12', '2021-10-23 20:22:12'),
(1497, 60, 430, 1, 0, '2021-10-23 20:22:12', '2021-10-23 20:22:12'),
(1498, 65, 430, 1, 0, '2021-10-23 20:22:12', '2021-10-23 20:22:12'),
(1499, 8, 431, 2, 0, '2021-10-23 20:28:34', '2021-10-23 20:28:34'),
(1500, 5, 431, 1, 0, '2021-10-23 20:28:34', '2021-10-23 20:28:34'),
(1501, 65, 431, 1, 0, '2021-10-23 20:28:34', '2021-10-23 20:28:34'),
(1502, 66, 431, 1, 0, '2021-10-23 20:28:34', '2021-10-23 20:28:34'),
(1503, 69, 431, 1, 0, '2021-10-23 20:28:34', '2021-10-23 20:28:34'),
(1504, 74, 431, 1, 0, '2021-10-23 20:28:34', '2021-10-23 20:28:34'),
(1505, 79, 432, 1, 0, '2021-10-23 20:32:33', '2021-10-23 20:32:33'),
(1506, 46, 433, 1, 0, '2021-10-23 20:35:17', '2021-10-23 20:35:17'),
(1507, 75, 433, 1, 0, '2021-10-23 20:35:17', '2021-10-23 20:35:17'),
(1508, 94, 430, 1, 0, '2021-10-23 20:38:32', '2021-10-23 20:38:32'),
(1509, 21, 434, 1, 0, '2021-10-23 20:52:11', '2021-10-23 20:52:11'),
(1510, 32, 434, 1, 0, '2021-10-23 20:52:11', '2021-10-23 20:52:11'),
(1511, 57, 434, 1, 0, '2021-10-23 20:52:11', '2021-10-23 20:52:11'),
(1512, 69, 434, 1, 0, '2021-10-23 20:52:11', '2021-10-23 20:52:11'),
(1513, 5, 426, 1, 0, '2021-10-23 20:59:59', '2021-10-23 20:59:59'),
(1514, 28, 426, 1, 0, '2021-10-23 20:59:59', '2021-10-23 20:59:59'),
(1515, 59, 426, 1, 0, '2021-10-23 20:59:59', '2021-10-23 20:59:59'),
(1516, 58, 426, 1, 0, '2021-10-23 20:59:59', '2021-10-23 20:59:59'),
(1517, 41, 432, 1, 0, '2021-10-23 21:03:23', '2021-10-23 21:03:23'),
(1518, 96, 432, 2, 0, '2021-10-23 21:03:23', '2021-10-23 21:03:23'),
(1519, 71, 432, 1, 0, '2021-10-23 21:09:57', '2021-10-23 21:09:57'),
(1520, 32, 430, 1, 0, '2021-10-23 21:13:50', '2021-10-23 21:13:50'),
(1521, 65, 430, 1, 0, '2021-10-23 21:13:51', '2021-10-23 21:13:51'),
(1522, 63, 430, 1, 0, '2021-10-23 21:13:51', '2021-10-23 21:13:51'),
(1523, 10, 430, 2, 0, '2021-10-23 21:35:44', '2021-10-23 21:35:44'),
(1524, 19, 435, 1, 0, '2021-10-24 10:43:45', '2021-10-24 10:43:45'),
(1525, 28, 435, 1, 0, '2021-10-24 10:43:45', '2021-10-24 10:43:45'),
(1526, 69, 435, 1, 0, '2021-10-24 10:43:45', '2021-10-24 10:43:45'),
(1527, 76, 435, 1, 0, '2021-10-24 10:43:45', '2021-10-24 10:43:45'),
(1528, 27, 436, 1, 0, '2021-10-24 13:07:21', '2021-10-24 13:07:21'),
(1529, 33, 436, 1, 0, '2021-10-24 13:07:21', '2021-10-24 13:07:21'),
(1530, 5, 436, 1, 0, '2021-10-24 13:07:21', '2021-10-24 13:07:21'),
(1531, 42, 436, 1, 0, '2021-10-24 13:07:21', '2021-10-24 13:07:21'),
(1532, 64, 436, 1, 0, '2021-10-24 13:07:21', '2021-10-24 13:07:21'),
(1533, 65, 436, 1, 0, '2021-10-24 13:07:21', '2021-10-24 13:07:21'),
(1534, 59, 436, 1, 0, '2021-10-24 13:07:21', '2021-10-24 13:07:21'),
(1535, 62, 436, 1, 0, '2021-10-24 13:29:07', '2021-10-24 13:29:07'),
(1536, 41, 437, 1, 0, '2021-10-24 15:38:12', '2021-10-24 15:38:12'),
(1537, 29, 437, 1, 0, '2021-10-24 15:38:12', '2021-10-24 15:38:12'),
(1538, 32, 437, 1, 0, '2021-10-24 15:38:12', '2021-10-24 15:38:12'),
(1539, 21, 437, 1, 0, '2021-10-24 15:38:12', '2021-10-24 15:38:12'),
(1540, 2, 437, 1, 0, '2021-10-24 15:38:12', '2021-10-24 15:38:12'),
(1541, 59, 437, 1, 0, '2021-10-24 15:38:12', '2021-10-24 15:38:12'),
(1542, 68, 437, 1, 0, '2021-10-24 15:38:12', '2021-10-24 15:38:12'),
(1543, 62, 437, 1, 0, '2021-10-24 15:38:12', '2021-10-24 15:38:12'),
(1544, 100, 437, 1, 0, '2021-10-24 15:38:12', '2021-10-24 15:38:12'),
(1545, 45, 438, 1, 0, '2021-10-24 16:11:12', '2021-10-24 16:11:12'),
(1546, 24, 438, 1, 0, '2021-10-24 16:11:12', '2021-10-24 16:11:12'),
(1547, 75, 438, 1, 0, '2021-10-24 16:11:12', '2021-10-24 16:11:12'),
(1548, 10, 439, 1, 0, '2021-10-24 16:50:21', '2021-10-24 16:50:21'),
(1549, 99, 439, 1, 0, '2021-10-24 16:50:21', '2021-10-24 16:50:21'),
(1550, 32, 439, 1, 0, '2021-10-24 16:50:21', '2021-10-24 16:50:21'),
(1551, 15, 440, 1, 0, '2021-10-24 17:12:58', '2021-10-24 17:12:58'),
(1552, 26, 440, 1, 0, '2021-10-24 17:12:58', '2021-10-24 17:12:58'),
(1553, 18, 440, 1, 0, '2021-10-24 17:12:58', '2021-10-24 17:12:58'),
(1554, 52, 440, 1, 0, '2021-10-24 17:12:58', '2021-10-24 17:12:58'),
(1555, 71, 440, 1, 0, '2021-10-24 17:12:58', '2021-10-24 17:12:58'),
(1556, 4, 441, 1, 0, '2021-10-24 17:13:42', '2021-10-24 17:13:42'),
(1557, 5, 441, 1, 0, '2021-10-24 17:13:42', '2021-10-24 17:13:42'),
(1558, 2, 441, 1, 0, '2021-10-24 17:13:42', '2021-10-24 17:13:42'),
(1559, 68, 441, 1, 0, '2021-10-24 17:13:42', '2021-10-24 17:13:42'),
(1560, 52, 441, 1, 0, '2021-10-24 17:13:42', '2021-10-24 17:13:42'),
(1561, 113, 441, 1, 0, '2021-10-24 17:13:42', '2021-10-24 17:13:42'),
(1562, 9, 440, 1, 0, '2021-10-24 17:26:18', '2021-10-24 17:26:18'),
(1563, 26, 442, 1, 0, '2021-10-24 18:44:43', '2021-10-24 18:44:43'),
(1564, 24, 442, 1, 0, '2021-10-24 18:44:43', '2021-10-24 18:44:43'),
(1565, 36, 442, 1, 0, '2021-10-24 18:44:43', '2021-10-24 18:44:43'),
(1566, 48, 442, 1, 0, '2021-10-24 18:44:43', '2021-10-24 18:44:43'),
(1567, 15, 442, 1, 0, '2021-10-24 18:44:43', '2021-10-24 18:44:43'),
(1568, 68, 442, 2, 0, '2021-10-24 18:44:43', '2021-10-24 18:44:43'),
(1569, 75, 442, 1, 0, '2021-10-24 18:44:43', '2021-10-24 18:44:43'),
(1570, 4, 443, 1, 0, '2021-10-24 18:46:36', '2021-10-24 18:46:36'),
(1571, 26, 443, 2, 0, '2021-10-24 18:46:36', '2021-10-24 18:46:36'),
(1572, 11, 443, 1, 0, '2021-10-24 18:46:36', '2021-10-24 18:46:36'),
(1573, 29, 443, 2, 0, '2021-10-24 18:46:36', '2021-10-24 18:46:36'),
(1574, 38, 443, 1, 0, '2021-10-24 18:46:36', '2021-10-24 18:46:36'),
(1575, 31, 443, 1, 0, '2021-10-24 18:46:36', '2021-10-24 18:46:36'),
(1576, 41, 443, 1, 0, '2021-10-24 18:46:36', '2021-10-24 18:46:36'),
(1577, 71, 443, 2, 0, '2021-10-24 18:46:36', '2021-10-24 18:46:36'),
(1578, 56, 443, 2, 0, '2021-10-24 18:46:36', '2021-10-24 18:46:36'),
(1579, 62, 443, 2, 0, '2021-10-24 18:46:36', '2021-10-24 18:46:36'),
(1580, 64, 444, 2, 0, '2021-10-24 18:58:42', '2021-10-24 18:58:42'),
(1581, 17, 444, 1, 0, '2021-10-24 18:58:42', '2021-10-24 18:58:42'),
(1582, 46, 445, 2, 0, '2021-10-24 19:50:31', '2021-10-24 19:50:31'),
(1583, 50, 445, 1, 0, '2021-10-24 19:50:31', '2021-10-24 19:50:31'),
(1584, 37, 445, 1, 0, '2021-10-24 19:50:31', '2021-10-24 19:50:31'),
(1585, 79, 445, 1, 0, '2021-10-24 19:50:31', '2021-10-24 19:50:31'),
(1586, 80, 445, 1, 0, '2021-10-24 19:50:31', '2021-10-24 19:50:31'),
(1587, 54, 445, 1, 0, '2021-10-24 19:50:31', '2021-10-24 19:50:31'),
(1597, 42, 448, 1, 0, '2021-10-24 20:32:53', '2021-10-24 20:32:53'),
(1598, 29, 448, 1, 0, '2021-10-24 20:32:53', '2021-10-24 20:32:53'),
(1599, 97, 448, 1, 0, '2021-10-24 20:32:53', '2021-10-24 20:32:53'),
(1600, 26, 448, 1, 0, '2021-10-24 20:32:53', '2021-10-24 20:32:53'),
(1601, 55, 448, 1, 0, '2021-10-24 20:32:53', '2021-10-24 20:32:53'),
(1602, 59, 448, 1, 0, '2021-10-24 20:32:53', '2021-10-24 20:32:53'),
(1603, 79, 448, 1, 0, '2021-10-24 20:32:53', '2021-10-24 20:32:53'),
(1614, 17, 451, 2, 0, '2021-10-25 15:06:10', '2021-10-25 15:06:10'),
(1615, 31, 451, 2, 0, '2021-10-25 15:06:10', '2021-10-25 15:06:10'),
(1621, 14, 453, 1, 0, '2021-10-25 15:23:00', '2021-10-25 15:23:00'),
(1622, 11, 453, 1, 0, '2021-10-25 15:23:00', '2021-10-25 15:23:00'),
(1623, 81, 453, 1, 0, '2021-10-25 15:23:00', '2021-10-25 15:23:00'),
(1624, 65, 453, 1, 0, '2021-10-25 15:23:00', '2021-10-25 15:23:00'),
(1625, 64, 453, 2, 0, '2021-10-25 15:23:00', '2021-10-25 15:23:00'),
(1634, 22, 455, 1, 0, '2021-10-25 16:54:14', '2021-10-25 16:54:14'),
(1635, 97, 455, 1, 0, '2021-10-25 16:54:14', '2021-10-25 16:54:14'),
(1636, 64, 455, 1, 0, '2021-10-25 16:54:14', '2021-10-25 16:54:14'),
(1637, 56, 455, 1, 0, '2021-10-25 16:54:14', '2021-10-25 16:54:14'),
(1638, 31, 456, 1, 0, '2021-10-25 17:14:59', '2021-10-25 17:14:59'),
(1639, 24, 456, 1, 0, '2021-10-25 17:14:59', '2021-10-25 17:14:59'),
(1640, 23, 456, 1, 0, '2021-10-25 17:14:59', '2021-10-25 17:14:59'),
(1641, 1, 456, 1, 0, '2021-10-25 17:14:59', '2021-10-25 17:14:59'),
(1642, 45, 456, 1, 0, '2021-10-25 17:14:59', '2021-10-25 17:14:59'),
(1643, 76, 456, 1, 0, '2021-10-25 17:14:59', '2021-10-25 17:14:59'),
(1644, 55, 456, 1, 0, '2021-10-25 17:14:59', '2021-10-25 17:14:59'),
(1645, 41, 457, 1, 0, '2021-10-25 17:16:03', '2021-10-25 17:16:03'),
(1646, 10, 457, 1, 0, '2021-10-25 17:16:03', '2021-10-25 17:16:03'),
(1647, 99, 457, 1, 0, '2021-10-25 17:16:03', '2021-10-25 17:16:03'),
(1648, 71, 457, 1, 0, '2021-10-25 17:16:03', '2021-10-25 17:16:03'),
(1649, 75, 457, 1, 0, '2021-10-25 17:16:03', '2021-10-25 17:16:03'),
(1650, 65, 457, 1, 0, '2021-10-25 17:16:03', '2021-10-25 17:16:03'),
(1651, 17, 458, 1, 0, '2021-10-25 17:21:44', '2021-10-25 17:21:44'),
(1652, 18, 458, 1, 0, '2021-10-25 17:21:44', '2021-10-25 17:21:44'),
(1653, 71, 458, 2, 0, '2021-10-25 17:21:44', '2021-10-25 17:21:44'),
(1654, 65, 458, 1, 0, '2021-10-25 17:21:44', '2021-10-25 17:21:44'),
(1655, 79, 458, 1, 0, '2021-10-25 17:21:44', '2021-10-25 17:21:44'),
(1656, 46, 458, 1, 0, '2021-10-25 17:21:44', '2021-10-25 17:21:44'),
(1657, 54, 458, 1, 0, '2021-10-25 17:21:44', '2021-10-25 17:21:44'),
(1658, 91, 458, 1, 0, '2021-10-25 17:21:44', '2021-10-25 17:21:44'),
(1659, 61, 458, 1, 0, '2021-10-25 17:21:44', '2021-10-25 17:21:44'),
(1660, 71, 458, 4, 0, '2021-10-25 17:21:44', '2021-10-25 17:21:44'),
(1661, 75, 458, 1, 0, '2021-10-25 17:21:44', '2021-10-25 17:21:44'),
(1662, 17, 458, 1, 0, '2021-10-25 17:21:44', '2021-10-25 17:21:44'),
(1663, 71, 458, 2, 0, '2021-10-25 17:21:44', '2021-10-25 17:21:44'),
(1664, 31, 459, 1, 0, '2021-10-25 17:27:19', '2021-10-25 17:27:19'),
(1665, 99, 459, 1, 0, '2021-10-25 17:27:19', '2021-10-25 17:27:19'),
(1666, 113, 453, 2, 0, '2021-10-25 17:39:13', '2021-10-25 17:39:13'),
(1667, 99, 457, 1, 0, '2021-10-25 17:43:05', '2021-10-25 17:43:05'),
(1668, 17, 460, 2, 0, '2021-10-25 17:58:10', '2021-10-25 17:58:10'),
(1669, 29, 460, 1, 0, '2021-10-25 17:58:10', '2021-10-25 17:58:10'),
(1670, 99, 460, 1, 0, '2021-10-25 17:58:10', '2021-10-25 17:58:10'),
(1671, 71, 460, 1, 0, '2021-10-25 17:58:10', '2021-10-25 17:58:10'),
(1672, 52, 460, 1, 0, '2021-10-25 17:58:10', '2021-10-25 17:58:10'),
(1673, 61, 460, 1, 0, '2021-10-25 17:58:10', '2021-10-25 17:58:10'),
(1674, 83, 460, 1, 0, '2021-10-25 17:58:10', '2021-10-25 17:58:10'),
(1675, 19, 461, 2, 0, '2021-10-25 18:51:29', '2021-10-25 18:51:29'),
(1676, 33, 461, 1, 0, '2021-10-25 18:51:29', '2021-10-25 18:51:29'),
(1677, 17, 461, 1, 0, '2021-10-25 18:51:29', '2021-10-25 18:51:29'),
(1678, 90, 461, 1, 0, '2021-10-25 18:51:29', '2021-10-25 18:51:29'),
(1679, 86, 461, 2, 0, '2021-10-25 18:51:29', '2021-10-25 18:51:29'),
(1680, 85, 461, 1, 0, '2021-10-25 18:51:29', '2021-10-25 18:51:29'),
(1681, 59, 461, 1, 0, '2021-10-25 18:51:29', '2021-10-25 18:51:29'),
(1682, 64, 461, 1, 0, '2021-10-25 18:51:29', '2021-10-25 18:51:29'),
(1683, 76, 461, 1, 0, '2021-10-25 18:51:29', '2021-10-25 18:51:29'),
(1684, 32, 462, 1, 0, '2021-10-25 19:18:38', '2021-10-25 19:18:38'),
(1685, 22, 462, 1, 0, '2021-10-25 19:18:38', '2021-10-25 19:18:38'),
(1686, 14, 462, 1, 0, '2021-10-25 19:18:38', '2021-10-25 19:18:38'),
(1687, 71, 462, 1, 0, '2021-10-25 19:18:38', '2021-10-25 19:18:38'),
(1688, 71, 461, 1, 0, '2021-10-25 19:18:53', '2021-10-25 19:18:53'),
(1690, 117, 464, 1, 0, '2021-10-25 21:01:03', '2021-10-25 21:01:03'),
(1691, 26, 464, 4, 0, '2021-10-25 21:01:03', '2021-10-25 21:01:03'),
(1692, 99, 465, 1, 0, '2021-10-26 14:00:56', '2021-10-26 14:00:56'),
(1693, 41, 465, 1, 0, '2021-10-26 14:00:56', '2021-10-26 14:00:56'),
(1694, 65, 465, 3, 0, '2021-10-26 14:00:56', '2021-10-26 14:00:56'),
(1695, 19, 466, 1, 0, '2021-10-26 15:27:24', '2021-10-26 15:27:24'),
(1696, 68, 466, 1, 0, '2021-10-26 15:27:24', '2021-10-26 15:27:24'),
(1697, 17, 467, 1, 0, '2021-10-26 18:30:14', '2021-10-26 18:30:14'),
(1698, 31, 467, 1, 0, '2021-10-26 18:30:14', '2021-10-26 18:30:14'),
(1699, 22, 467, 1, 0, '2021-10-26 18:30:14', '2021-10-26 18:30:14'),
(1700, 22, 467, 1, 0, '2021-10-26 18:30:14', '2021-10-26 18:30:14'),
(1701, 14, 467, 1, 0, '2021-10-26 18:30:14', '2021-10-26 18:30:14'),
(1702, 3, 467, 1, 0, '2021-10-26 18:30:14', '2021-10-26 18:30:14'),
(1703, 54, 467, 1, 0, '2021-10-26 18:30:14', '2021-10-26 18:30:14'),
(1704, 66, 467, 2, 0, '2021-10-26 18:30:14', '2021-10-26 18:30:14'),
(1705, 58, 467, 1, 0, '2021-10-26 18:30:14', '2021-10-26 18:30:14'),
(1706, 17, 468, 1, 0, '2021-10-26 19:34:50', '2021-10-26 19:34:50'),
(1707, 26, 468, 1, 0, '2021-10-26 19:34:50', '2021-10-26 19:34:50'),
(1708, 19, 468, 1, 0, '2021-10-26 19:34:50', '2021-10-26 19:34:50'),
(1709, 69, 468, 1, 0, '2021-10-26 19:34:50', '2021-10-26 19:34:50'),
(1710, 71, 468, 1, 0, '2021-10-26 19:34:50', '2021-10-26 19:34:50'),
(1711, 30, 469, 1, 0, '2021-10-26 19:36:07', '2021-10-26 19:36:07'),
(1712, 7, 469, 1, 0, '2021-10-26 19:36:07', '2021-10-26 19:36:07'),
(1713, 58, 469, 1, 0, '2021-10-26 19:36:07', '2021-10-26 19:36:07'),
(1714, 61, 469, 1, 0, '2021-10-26 19:36:07', '2021-10-26 19:36:07'),
(1715, 59, 469, 1, 0, '2021-10-26 19:36:07', '2021-10-26 19:36:07'),
(1716, 29, 470, 1, 0, '2021-10-26 19:44:43', '2021-10-26 19:44:43'),
(1717, 36, 470, 1, 0, '2021-10-26 19:44:43', '2021-10-26 19:44:43'),
(1718, 25, 470, 1, 0, '2021-10-26 19:44:43', '2021-10-26 19:44:43'),
(1719, 32, 470, 1, 0, '2021-10-26 19:44:43', '2021-10-26 19:44:43'),
(1720, 11, 470, 1, 0, '2021-10-26 19:44:43', '2021-10-26 19:44:43'),
(1721, 71, 470, 2, 0, '2021-10-26 19:44:43', '2021-10-26 19:44:43'),
(1722, 63, 470, 1, 0, '2021-10-26 19:44:43', '2021-10-26 19:44:43'),
(1723, 52, 470, 1, 0, '2021-10-26 19:44:43', '2021-10-26 19:44:43'),
(1724, 61, 470, 1, 0, '2021-10-26 19:44:43', '2021-10-26 19:44:43'),
(1725, 117, 471, 1, 0, '2021-10-26 21:12:22', '2021-10-26 21:12:22'),
(1726, 1, 472, 1, 0, '2021-10-27 13:36:42', '2021-10-27 13:36:42'),
(1727, 46, 472, 1, 0, '2021-10-27 13:36:42', '2021-10-27 13:36:42'),
(1728, 8, 472, 1, 0, '2021-10-27 13:36:42', '2021-10-27 13:36:42'),
(1729, 17, 472, 1, 0, '2021-10-27 13:36:42', '2021-10-27 13:36:42'),
(1730, 18, 472, 1, 0, '2021-10-27 13:36:42', '2021-10-27 13:36:42'),
(1731, 75, 472, 1, 0, '2021-10-27 13:36:42', '2021-10-27 13:36:42'),
(1732, 65, 472, 1, 0, '2021-10-27 13:36:42', '2021-10-27 13:36:42'),
(1733, 76, 472, 1, 0, '2021-10-27 13:36:42', '2021-10-27 13:36:42'),
(1734, 39, 473, 1, 0, '2021-10-27 13:37:27', '2021-10-27 13:37:27'),
(1735, 52, 473, 1, 0, '2021-10-27 13:37:27', '2021-10-27 13:37:27'),
(1736, 54, 473, 1, 0, '2021-10-27 13:37:27', '2021-10-27 13:37:27'),
(1737, 67, 473, 1, 0, '2021-10-27 13:37:27', '2021-10-27 13:37:27'),
(1738, 65, 473, 1, 0, '2021-10-27 13:37:27', '2021-10-27 13:37:27');

-- --------------------------------------------------------

--
-- Struktur dari tabel `order_menu_temp`
--

CREATE TABLE `order_menu_temp` (
  `id` int(11) NOT NULL,
  `id_menu` int(11) NOT NULL,
  `jumlah` int(11) NOT NULL
) ENGINE=InnoDB DEFAULT CHARSET=utf8mb4;

-- --------------------------------------------------------

--
-- Struktur dari tabel `pelanggan`
--

CREATE TABLE `pelanggan` (
  `id` int(11) NOT NULL,
  `nama` varchar(50) NOT NULL,
  `email` varchar(50) NOT NULL,
  `created_at` datetime NOT NULL,
  `updated_at` datetime NOT NULL
) ENGINE=InnoDB DEFAULT CHARSET=utf8mb4;

-- --------------------------------------------------------

--
-- Struktur dari tabel `pembayaran`
--

CREATE TABLE `pembayaran` (
  `id` int(11) NOT NULL,
  `total` varchar(12) NOT NULL,
  `metode_pembayaran` int(1) NOT NULL,
  `jumlah_dibayar` varchar(12) NOT NULL,
  `id_penjualan` int(11) NOT NULL,
  `created_at` datetime NOT NULL,
  `updated_at` datetime NOT NULL
) ENGINE=InnoDB DEFAULT CHARSET=utf8mb4;

--
-- Dumping data untuk tabel `pembayaran`
--

INSERT INTO `pembayaran` (`id`, `total`, `metode_pembayaran`, `jumlah_dibayar`, `id_penjualan`, `created_at`, `updated_at`) VALUES
(1, '159800.0', 0, 'uangpas', 73, '2021-09-15 04:34:17', '2021-09-15 04:34:17'),
(2, '159800.0', 0, 'uangpas', 73, '2021-09-15 04:37:31', '2021-09-15 04:37:31'),
(3, '40000.0', 0, 'uang50000', 132, '2021-09-30 12:13:31', '2021-09-30 12:13:31'),
(4, '25000.0', 0, 'uang50000', 130, '2021-09-30 12:16:25', '2021-09-30 12:16:25'),
(5, '25000.0', 0, 'uang50000', 130, '2021-09-30 12:21:09', '2021-09-30 12:21:09'),
(6, '25000.0', 0, 'uang50000', 130, '2021-09-30 12:23:00', '2021-09-30 12:23:00'),
(7, '90400.0', 0, 'uang100000', 135, '2021-09-30 12:34:59', '2021-09-30 12:34:59'),
(8, '27000.0', 0, 'uangpas', 131, '2021-09-30 12:36:11', '2021-09-30 12:36:11'),
(9, '18400.0', 0, 'uang50000', 136, '2021-09-30 21:06:33', '2021-09-30 21:06:33'),
(10, '96000.0', 0, 'uang100000', 137, '2021-10-01 00:11:27', '2021-10-01 00:11:27'),
(11, '109600.0', 0, 'uangpas', 140, '2021-10-01 01:28:47', '2021-10-01 01:28:47'),
(12, '96000.0', 0, 'uangpas', 141, '2021-10-01 01:29:54', '2021-10-01 01:29:54'),
(13, '114400.0', 0, 'uangpas', 142, '2021-10-01 02:12:50', '2021-10-01 02:12:50'),
(14, '74400.0', 0, 'uangpas', 143, '2021-10-01 02:58:04', '2021-10-01 02:58:04'),
(15, '67200.0', 0, 'uangpas', 145, '2021-10-01 03:01:09', '2021-10-01 03:01:09'),
(16, '89600.0', 0, 'uangpas', 144, '2021-10-01 03:03:47', '2021-10-01 03:03:47'),
(17, '68000.0', 0, 'uangpas', 160, '2021-10-01 06:00:37', '2021-10-01 06:00:37'),
(18, '50400.0', 0, 'uangpas', 149, '2021-10-01 06:04:27', '2021-10-01 06:04:27'),
(19, '48800.0', 0, 'uangpas', 150, '2021-10-01 06:05:04', '2021-10-01 06:05:04'),
(20, '28000.0', 0, 'uangpas', 151, '2021-10-01 06:06:07', '2021-10-01 06:06:07'),
(21, '63200.0', 0, 'uangpas', 148, '2021-10-01 06:19:17', '2021-10-01 06:19:17'),
(22, '22400.0', 0, 'uangpas', 157, '2021-10-01 06:19:30', '2021-10-01 06:19:30'),
(23, '80800.0', 0, 'uangpas', 163, '2021-10-01 06:55:42', '2021-10-01 06:55:42'),
(24, '48000.0', 0, 'uangpas', 166, '2021-10-01 07:09:38', '2021-10-01 07:09:38'),
(25, '155200.0', 0, 'uangpas', 154, '2021-10-01 07:10:12', '2021-10-01 07:10:12'),
(26, '104800.0', 0, 'uangpas', 159, '2021-10-01 07:18:14', '2021-10-01 07:18:14'),
(27, '90400.0', 0, 'uangpas', 167, '2021-10-01 07:37:42', '2021-10-01 07:37:42'),
(28, '67200.0', 0, 'uangpas', 161, '2021-10-01 07:52:37', '2021-10-01 07:52:37'),
(29, '96000.0', 0, 'uangpas', 158, '2021-10-01 07:52:53', '2021-10-01 07:52:53'),
(30, '16000.0', 0, 'uangpas', 169, '2021-10-01 07:59:19', '2021-10-01 07:59:19'),
(31, '41600.0', 0, 'uangpas', 170, '2021-10-01 08:00:01', '2021-10-01 08:00:01'),
(32, '37600.0', 0, 'uangpas', 156, '2021-10-01 08:00:38', '2021-10-01 08:00:38'),
(33, '28000.0', 0, 'uangpas', 171, '2021-10-01 08:06:26', '2021-10-01 08:06:26'),
(34, '28000.0', 0, 'uangpas', 172, '2021-10-01 08:31:46', '2021-10-01 08:31:46'),
(35, '8000.0', 0, 'uangpas', 173, '2021-10-01 08:35:11', '2021-10-01 08:35:11'),
(36, '40000.0', 0, 'uangpas', 174, '2021-10-01 08:40:04', '2021-10-01 08:40:04'),
(37, '76000.0', 0, 'uangpas', 177, '2021-10-01 23:42:39', '2021-10-01 23:42:39'),
(38, '30400.0', 0, 'uangpas', 178, '2021-10-01 23:54:36', '2021-10-01 23:54:36'),
(39, '60000.0', 0, 'uangpas', 179, '2021-10-02 00:04:43', '2021-10-02 00:04:43'),
(40, '118400.0', 0, 'uangpas', 181, '2021-10-02 01:45:31', '2021-10-02 01:45:31'),
(41, '291200.0', 0, 'uangpas', 180, '2021-10-02 01:51:02', '2021-10-02 01:51:02'),
(42, '118400.0', 0, 'uangpas', 182, '2021-10-02 06:39:02', '2021-10-02 06:39:02'),
(43, '180800.0', 0, 'uangpas', 183, '2021-10-02 07:28:34', '2021-10-02 07:28:34'),
(44, '16000.0', 0, 'uangpas', 184, '2021-10-02 07:42:43', '2021-10-02 07:42:43'),
(45, '52000.0', 0, 'uangpas', 186, '2021-10-02 07:46:57', '2021-10-02 07:46:57'),
(46, '115200.0', 0, 'uangpas', 188, '2021-10-02 07:49:57', '2021-10-02 07:49:57'),
(47, '154400.0', 0, 'uangpas', 189, '2021-10-02 08:15:57', '2021-10-02 08:15:57'),
(48, '44000.0', 0, 'uangpas', 191, '2021-10-02 08:17:42', '2021-10-02 08:17:42'),
(49, '78400.0', 0, 'uangpas', 192, '2021-10-02 08:37:15', '2021-10-02 08:37:15'),
(50, '28000.0', 0, 'uangpas', 196, '2021-10-02 08:55:17', '2021-10-02 08:55:17'),
(51, '107200.0', 0, 'uangpas', 194, '2021-10-02 09:04:23', '2021-10-02 09:04:23'),
(52, '107200.0', 0, 'uangpas', 194, '2021-10-02 09:04:25', '2021-10-02 09:04:25'),
(53, '107200.0', 0, 'uangpas', 198, '2021-10-02 09:06:57', '2021-10-02 09:06:57'),
(54, '80800.0', 0, 'uangpas', 193, '2021-10-02 09:12:04', '2021-10-02 09:12:04'),
(56, '72000.0', 0, 'uangpas', 195, '2021-10-02 10:05:23', '2021-10-02 10:05:23'),
(58, '15000.0', 1, 'uangpas', 202, '2021-10-02 10:55:05', '2021-10-02 10:55:05'),
(59, '12000.0', 6, 'uangpas', 201, '2021-10-02 10:55:39', '2021-10-02 10:55:39'),
(60, '15000.0', 1, 'uangpas', 203, '2021-10-02 11:12:23', '2021-10-02 11:12:23'),
(61, '15000.0', 1, 'uang20000', 204, '2021-10-02 11:14:34', '2021-10-02 11:14:34'),
(62, '89600.0', 1, 'uangpas', 205, '2021-10-02 23:26:52', '2021-10-02 23:26:52'),
(63, '137600.0', 1, 'uangpas', 207, '2021-10-03 01:01:13', '2021-10-03 01:01:13'),
(64, '153600.0', 1, 'uangpas', 206, '2021-10-03 01:02:27', '2021-10-03 01:02:27'),
(65, '120800.0', 1, 'uangpas', 208, '2021-10-03 01:58:55', '2021-10-03 01:58:55'),
(66, '140800.0', 1, 'uangpas', 209, '2021-10-03 02:17:21', '2021-10-03 02:17:21'),
(67, '76000.0', 1, 'uangpas', 211, '2021-10-03 04:55:40', '2021-10-03 04:55:40'),
(68, '139200.0', 1, 'uangpas', 215, '2021-10-03 05:01:34', '2021-10-03 05:01:34'),
(69, '69600.0', 1, 'uangpas', 213, '2021-10-03 05:25:14', '2021-10-03 05:25:14'),
(70, '69600.0', 1, 'uangpas', 214, '2021-10-03 05:25:34', '2021-10-03 05:25:34'),
(71, '70400.0', 1, 'uang100000', 212, '2021-10-03 05:28:04', '2021-10-03 05:28:04'),
(72, '112800.0', 1, 'uangpas', 217, '2021-10-03 06:54:26', '2021-10-03 06:54:26'),
(73, '16000.0', 1, 'uangpas', 220, '2021-10-03 07:13:29', '2021-10-03 07:13:29'),
(74, '213600.0', 1, 'uangpas', 218, '2021-10-03 07:50:33', '2021-10-03 07:50:33'),
(75, '532000.0', 1, 'uangpas', 219, '2021-10-03 07:56:50', '2021-10-03 07:56:50'),
(76, '60800.0', 1, 'uangpas', 221, '2021-10-03 08:17:40', '2021-10-03 08:17:40'),
(77, '8000.0', 1, 'uangpas', 222, '2021-10-03 08:29:21', '2021-10-03 08:29:21'),
(78, '220000.0', 1, 'uangpas', 216, '2021-10-03 08:50:22', '2021-10-03 08:50:22'),
(79, '20000.0', 1, 'uangpas', 223, '2021-10-03 09:26:14', '2021-10-03 09:26:14'),
(80, '102400.0', 1, 'uangpas', 224, '2021-10-04 01:12:44', '2021-10-04 01:12:44'),
(82, '58400.0', 1, 'uangpas', 228, '2021-10-04 02:23:16', '2021-10-04 02:23:16'),
(83, '13560', 1, 'uangpas', 225, '2021-10-04 06:41:47', '2021-10-04 06:41:47'),
(84, '156000.0', 1, 'uangpas', 234, '2021-10-04 07:01:34', '2021-10-04 07:01:34'),
(85, '70400.0', 1, 'uangpas', 233, '2021-10-04 07:09:20', '2021-10-04 07:09:20'),
(86, '12000.0', 1, 'uangpas', 231, '2021-10-04 07:14:23', '2021-10-04 07:14:23'),
(87, '602400.0', 1, 'uangpas', 230, '2021-10-04 07:16:20', '2021-10-04 07:16:20'),
(88, '96000.0', 1, 'uangpas', 235, '2021-10-04 07:18:56', '2021-10-04 07:18:56'),
(89, '56000.0', 1, 'uangpas', 232, '2021-10-04 07:52:37', '2021-10-04 07:52:37'),
(90, '48000.0', 1, 'uang50000', 236, '2021-10-04 07:53:22', '2021-10-04 07:53:22'),
(91, '28000.0', 1, 'uang100000', 240, '2021-10-04 08:26:39', '2021-10-04 08:26:39'),
(92, '188000.0', 1, '250000', 238, '2021-10-04 09:05:15', '2021-10-04 09:05:15'),
(93, '63200.0', 1, 'uangpas', 239, '2021-10-04 09:10:57', '2021-10-04 09:10:57'),
(94, '78400.0', 1, 'uangpas', 241, '2021-10-04 09:42:09', '2021-10-04 09:42:09'),
(95, '52000', 1, 'uangpas', 242, '2021-10-04 09:57:23', '2021-10-04 09:57:23'),
(96, '6000', 1, 'uangpas', 243, '2021-10-04 09:58:20', '2021-10-04 09:58:20'),
(97, '30400.0', 1, 'uangpas', 244, '2021-10-05 23:11:26', '2021-10-05 23:11:26'),
(98, '52800.0', 1, 'uangpas', 245, '2021-10-06 05:45:40', '2021-10-06 05:45:40'),
(99, '112800.0', 1, 'uangpas', 246, '2021-10-06 05:52:44', '2021-10-06 05:52:44'),
(100, '52000.0', 1, 'uangpas', 249, '2021-10-06 06:21:48', '2021-10-06 06:21:48'),
(101, '52000.0', 1, 'uangpas', 250, '2021-10-06 06:36:20', '2021-10-06 06:36:20'),
(102, '48000.0', 1, 'uangpas', 247, '2021-10-06 07:26:56', '2021-10-06 07:26:56'),
(103, '89600.0', 1, 'uangpas', 251, '2021-10-06 07:28:21', '2021-10-06 07:28:21'),
(104, '172800.0', 1, 'uangpas', 248, '2021-10-06 08:04:57', '2021-10-06 08:04:57'),
(105, '160800.0', 1, 'uangpas', 256, '2021-10-06 08:09:20', '2021-10-06 08:09:20'),
(106, '133600.0', 1, 'uangpas', 252, '2021-10-06 08:40:49', '2021-10-06 08:40:49'),
(107, '72800.0', 1, 'uangpas', 255, '2021-10-06 08:54:56', '2021-10-06 08:54:56'),
(108, '63200.0', 1, 'uangpas', 254, '2021-10-06 09:02:05', '2021-10-06 09:02:05'),
(109, '62400.0', 1, 'uangpas', 257, '2021-10-06 09:22:43', '2021-10-06 09:22:43'),
(110, '158400.0', 1, 'uangpas', 258, '2021-10-07 03:09:36', '2021-10-07 03:09:36'),
(111, '16000.0', 1, 'uang50000', 260, '2021-10-07 04:10:05', '2021-10-07 04:10:05'),
(112, '28000.0', 1, 'uangpas', 262, '2021-10-07 04:24:09', '2021-10-07 04:24:09'),
(113, '24000.0', 1, 'uangpas', 263, '2021-10-07 04:30:23', '2021-10-07 04:30:23'),
(114, '190400.0', 1, 'uangpas', 265, '2021-10-07 05:59:18', '2021-10-07 05:59:18'),
(115, '396000.0', 1, 'uangpas', 266, '2021-10-07 06:30:47', '2021-10-07 06:30:47'),
(116, '92000.0', 6, 'uangpas', 268, '2021-10-07 07:53:37', '2021-10-07 07:53:37'),
(117, '56800.0', 1, 'uangpas', 267, '2021-10-07 07:57:23', '2021-10-07 07:57:23'),
(118, '48000.0', 1, 'uangpas', 271, '2021-10-07 08:05:15', '2021-10-07 08:05:15'),
(119, '32000.0', 1, 'uangpas', 272, '2021-10-07 09:05:27', '2021-10-07 09:05:27'),
(120, '44000.0', 1, 'uangpas', 273, '2021-10-07 09:13:48', '2021-10-07 09:13:48'),
(121, '32000.0', 1, 'uangpas', 269, '2021-10-07 09:30:01', '2021-10-07 09:30:01'),
(122, '8000.0', 1, 'uangpas', 275, '2021-10-08 00:51:20', '2021-10-08 00:51:20'),
(123, '741600.0', 1, 'uangpas', 274, '2021-10-08 01:02:11', '2021-10-08 01:02:11'),
(124, '26400.0', 1, 'uangpas', 276, '2021-10-08 01:40:48', '2021-10-08 01:40:48'),
(125, '120000.0', 1, 'uangpas', 277, '2021-10-08 03:08:57', '2021-10-08 03:08:57'),
(126, '80800.0', 1, 'uangpas', 279, '2021-10-08 08:09:41', '2021-10-08 08:09:41'),
(127, '204800.0', 1, 'uangpas', 278, '2021-10-08 08:10:03', '2021-10-08 08:10:03'),
(128, '84000.0', 1, 'uangpas', 282, '2021-10-08 09:18:06', '2021-10-08 09:18:06'),
(129, '16000.0', 1, 'uangpas', 285, '2021-10-08 09:28:37', '2021-10-08 09:28:37'),
(130, '8000.0', 1, 'uangpas', 281, '2021-10-08 09:29:14', '2021-10-08 09:29:14'),
(131, '72000.0', 1, 'uangpas', 286, '2021-10-08 09:52:35', '2021-10-08 09:52:35'),
(132, '140000.0', 1, 'uangpas', 283, '2021-10-08 10:12:47', '2021-10-08 10:12:47'),
(133, '71000.0', 1, 'uangpas', 287, '2021-10-08 10:20:27', '2021-10-08 10:20:27'),
(134, '84800.0', 1, 'uangpas', 288, '2021-10-09 15:23:28', '2021-10-09 15:23:28'),
(135, '71200.0', 1, 'uangpas', 290, '2021-10-09 17:49:37', '2021-10-09 17:49:37'),
(136, '68000.0', 1, 'uangpas', 291, '2021-10-09 17:59:09', '2021-10-09 17:59:09'),
(137, '192000.0', 1, 'uangpas', 293, '2021-10-09 18:08:58', '2021-10-09 18:08:58'),
(138, '70400.0', 1, 'uangpas', 289, '2021-10-09 18:30:39', '2021-10-09 18:30:39'),
(139, '94400.0', 1, 'uangpas', 294, '2021-10-09 19:05:10', '2021-10-09 19:05:10'),
(140, '116000.0', 1, 'uangpas', 296, '2021-10-09 19:28:01', '2021-10-09 19:28:01'),
(141, '116000.0', 1, 'uangpas', 296, '2021-10-09 19:30:46', '2021-10-09 19:30:46'),
(143, '17250', 1, 'uang20000', 301, '2021-10-09 19:37:46', '2021-10-09 19:37:46'),
(144, '86480', 1, 'uangpas', 298, '2021-10-09 19:43:02', '2021-10-09 19:43:02'),
(145, '103960', 1, 'uangpas', 295, '2021-10-09 19:43:42', '2021-10-09 19:43:42'),
(146, '157320', 1, 'uangpas', 299, '2021-10-09 19:50:12', '2021-10-09 19:50:12'),
(149, '179400', 1, 'uangpas', 303, '2021-10-09 21:01:53', '2021-10-09 21:01:53'),
(150, '138920', 1, 'uangpas', 306, '2021-10-09 21:16:59', '2021-10-09 21:16:59'),
(151, '195040', 1, 'uangpas', 307, '2021-10-09 21:30:04', '2021-10-09 21:30:04'),
(152, '82800', 1, 'uangpas', 305, '2021-10-10 00:12:56', '2021-10-10 00:12:56'),
(153, '267720', 1, 'uangpas', 310, '2021-10-10 13:30:46', '2021-10-10 13:30:46'),
(154, '165600', 1, 'uangpas', 311, '2021-10-10 14:25:37', '2021-10-10 14:25:37'),
(155, '111320', 1, 'uangpas', 316, '2021-10-10 15:14:00', '2021-10-10 15:14:00'),
(156, '299920', 1, 'uangpas', 312, '2021-10-10 15:14:33', '2021-10-10 15:14:33'),
(157, '642160', 1, 'uangpas', 317, '2021-10-10 15:16:44', '2021-10-10 15:16:44'),
(158, '91080', 1, 'uangpas', 319, '2021-10-10 15:38:26', '2021-10-10 15:38:26'),
(159, '8050', 1, 'uangpas', 320, '2021-10-10 15:40:54', '2021-10-10 15:40:54'),
(160, '59800', 1, 'uang100000', 323, '2021-10-10 17:22:49', '2021-10-10 17:22:49'),
(161, '112240', 1, 'uangpas', 321, '2021-10-10 17:27:31', '2021-10-10 17:27:31'),
(162, '96600', 1, 'uang100000', 322, '2021-10-10 17:33:17', '2021-10-10 17:33:17'),
(163, '185840', 1, 'uangpas', 324, '2021-10-10 19:21:46', '2021-10-10 19:21:46'),
(164, '55200', 1, 'uangpas', 326, '2021-10-10 19:46:15', '2021-10-10 19:46:15'),
(165, '206080', 1, 'uangpas', 327, '2021-10-10 21:01:57', '2021-10-10 21:01:57'),
(166, '391920', 1, 'uangpas', 325, '2021-10-10 21:03:43', '2021-10-10 21:03:43'),
(167, '99360', 1, 'uangpas', 330, '2021-10-11 17:23:29', '2021-10-11 17:23:29'),
(168, '64400', 1, 'uangpas', 329, '2021-10-11 17:23:56', '2021-10-11 17:23:56'),
(169, '18400', 1, 'uangpas', 333, '2021-10-11 18:03:53', '2021-10-11 18:03:53'),
(170, '50600', 1, 'uangpas', 331, '2021-10-11 18:25:41', '2021-10-11 18:25:41'),
(171, '155480', 1, 'uangpas', 334, '2021-10-11 18:49:35', '2021-10-11 18:49:35'),
(172, '772800', 1, 'uangpas', 335, '2021-10-11 18:59:31', '2021-10-11 18:59:31'),
(173, '159160', 1, 'uangpas', 336, '2021-10-11 19:38:04', '2021-10-11 19:38:04'),
(174, '986240', 1, 'uangpas', 337, '2021-10-11 19:38:31', '2021-10-11 19:38:31'),
(175, '47840', 1, 'uangpas', 339, '2021-10-11 19:53:41', '2021-10-11 19:53:41'),
(176, '25760', 1, 'uangpas', 338, '2021-10-11 20:20:36', '2021-10-11 20:20:36'),
(177, '344080', 1, 'uangpas', 340, '2021-10-11 20:44:36', '2021-10-11 20:44:36'),
(178, '70840', 1, 'uangpas', 341, '2021-10-13 18:10:52', '2021-10-13 18:10:52'),
(179, '149960', 1, 'uangpas', 343, '2021-10-13 20:21:48', '2021-10-13 20:21:48'),
(180, '11960', 1, 'uangpas', 346, '2021-10-13 20:37:32', '2021-10-13 20:37:32'),
(181, '41400', 1, 'uang50000', 342, '2021-10-13 20:39:47', '2021-10-13 20:39:47'),
(182, '59800', 1, 'uangpas', 344, '2021-10-13 20:58:21', '2021-10-13 20:58:21'),
(183, '88320', 1, 'uangpas', 345, '2021-10-13 21:07:13', '2021-10-13 21:07:13'),
(184, '91080', 1, 'uangpas', 347, '2021-10-13 22:36:32', '2021-10-13 22:36:32'),
(185, '46000', 1, 'uangpas', 349, '2021-10-14 17:56:49', '2021-10-14 17:56:49'),
(186, '99360', 1, 'uangpas', 348, '2021-10-14 18:07:17', '2021-10-14 18:07:17'),
(187, '69000', 1, 'uangpas', 350, '2021-10-14 20:26:52', '2021-10-14 20:26:52'),
(188, '470120', 1, 'uangpas', 351, '2021-10-14 21:14:55', '2021-10-14 21:14:55'),
(189, '171120', 1, 'uangpas', 352, '2021-10-14 21:50:24', '2021-10-14 21:50:24'),
(190, '128800', 1, 'uangpas', 353, '2021-10-15 13:08:40', '2021-10-15 13:08:40'),
(191, '74520', 1, 'uang100000', 354, '2021-10-15 13:24:38', '2021-10-15 13:24:38'),
(192, '36800', 1, 'uangpas', 355, '2021-10-15 17:12:59', '2021-10-15 17:12:59'),
(193, '104650', 1, 'uangpas', 357, '2021-10-15 18:14:19', '2021-10-15 18:14:19'),
(194, '9200', 1, 'uangpas', 359, '2021-10-15 19:28:58', '2021-10-15 19:28:58'),
(195, '113850', 1, 'uangpas', 358, '2021-10-15 20:32:21', '2021-10-15 20:32:21'),
(196, '41400', 1, 'uangpas', 360, '2021-10-15 20:35:56', '2021-10-15 20:35:56'),
(197, '339250', 1, 'uangpas', 356, '2021-10-15 20:36:37', '2021-10-15 20:36:37'),
(198, '80500', 1, 'uangpas', 361, '2021-10-15 20:46:31', '2021-10-15 20:46:31'),
(199, '119600', 1, 'uangpas', 363, '2021-10-16 19:44:48', '2021-10-16 19:44:48'),
(200, '364550', 1, 'uangpas', 362, '2021-10-16 20:02:05', '2021-10-16 20:02:05'),
(201, '86250', 1, 'uangpas', 367, '2021-10-16 20:25:36', '2021-10-16 20:25:36'),
(202, '155250', 1, 'uangpas', 365, '2021-10-16 20:31:02', '2021-10-16 20:31:02'),
(203, '95450', 1, 'uangpas', 368, '2021-10-16 20:31:52', '2021-10-16 20:31:52'),
(204, '115000', 1, 'uangpas', 364, '2021-10-16 20:38:34', '2021-10-16 20:38:34'),
(205, '126500', 1, 'uangpas', 366, '2021-10-16 22:13:13', '2021-10-16 22:13:13'),
(206, '112700', 1, 'uangpas', 369, '2021-10-16 22:13:53', '2021-10-16 22:13:53'),
(207, '28750', 1, 'uangpas', 370, '2021-10-16 22:42:19', '2021-10-16 22:42:19'),
(208, '16560', 1, 'uangpas', 371, '2021-10-16 22:44:09', '2021-10-16 22:44:09'),
(209, '261050', 1, 'uangpas', 372, '2021-10-17 12:01:10', '2021-10-17 12:01:10'),
(210, '96600', 1, 'uangpas', 373, '2021-10-17 12:33:31', '2021-10-17 12:33:31'),
(211, '95450', 1, 'uangpas', 374, '2021-10-17 12:52:35', '2021-10-17 12:52:35'),
(212, '173650', 1, 'uangpas', 377, '2021-10-17 18:13:50', '2021-10-17 18:13:50'),
(213, '212750', 1, 'uangpas', 376, '2021-10-17 18:26:46', '2021-10-17 18:26:46'),
(214, '123050', 1, 'uangpas', 379, '2021-10-17 19:10:35', '2021-10-17 19:10:35'),
(215, '184000', 1, 'uangpas', 380, '2021-10-17 19:11:36', '2021-10-17 19:11:36'),
(216, '23000', 1, 'uangpas', 378, '2021-10-17 19:34:49', '2021-10-17 19:34:49'),
(217, '162150', 1, 'uangpas', 382, '2021-10-17 19:46:52', '2021-10-17 19:46:52'),
(218, '202400', 1, 'uangpas', 384, '2021-10-17 20:18:54', '2021-10-17 20:18:54'),
(219, '201250', 1, 'uangpas', 383, '2021-10-17 20:30:38', '2021-10-17 20:30:38'),
(220, '219650', 1, 'uangpas', 385, '2021-10-17 20:32:02', '2021-10-17 20:32:02'),
(221, '577300', 1, 'uangpas', 381, '2021-10-17 20:33:43', '2021-10-17 20:33:43'),
(222, '149500', 1, 'uangpas', 386, '2021-10-17 21:35:01', '2021-10-17 21:35:01'),
(223, '201250', 1, 'uangpas', 387, '2021-10-17 21:41:33', '2021-10-17 21:41:33'),
(224, '46000', 1, 'uangpas', 388, '2021-10-18 15:40:37', '2021-10-18 15:40:37'),
(225, '35650', 1, 'uangpas', 389, '2021-10-18 15:42:21', '2021-10-18 15:42:21'),
(226, '28750', 1, 'uangpas', 394, '2021-10-18 19:26:52', '2021-10-18 19:26:52'),
(227, '93150', 1, 'uangpas', 393, '2021-10-18 19:31:27', '2021-10-18 19:31:27'),
(228, '385250', 1, 'uangpas', 392, '2021-10-18 19:32:57', '2021-10-18 19:32:57'),
(229, '359950', 1, 'uangpas', 390, '2021-10-18 20:02:14', '2021-10-18 20:02:14'),
(230, '215050', 1, 'uangpas', 396, '2021-10-20 18:15:20', '2021-10-20 18:15:20'),
(231, '101200', 1, 'uangpas', 395, '2021-10-20 18:16:49', '2021-10-20 18:16:49'),
(232, '225400', 1, 'uangpas', 397, '2021-10-20 18:38:14', '2021-10-20 18:38:14'),
(233, '221950', 1, 'uangpas', 398, '2021-10-20 18:43:40', '2021-10-20 18:43:40'),
(234, '57500', 1, 'uangpas', 399, '2021-10-20 18:44:38', '2021-10-20 18:44:38'),
(235, '17250', 1, 'uangpas', 400, '2021-10-20 18:45:07', '2021-10-20 18:45:07'),
(236, '133400', 1, 'uangpas', 402, '2021-10-20 19:13:00', '2021-10-20 19:13:00'),
(237, '97750', 1, 'uangpas', 401, '2021-10-20 19:24:31', '2021-10-20 19:24:31'),
(238, '72450', 1, 'uangpas', 403, '2021-10-20 19:30:27', '2021-10-20 19:30:27'),
(239, '51750', 1, 'uangpas', 406, '2021-10-20 19:41:59', '2021-10-20 19:41:59'),
(240, '69000', 1, 'uangpas', 404, '2021-10-20 20:02:20', '2021-10-20 20:02:20'),
(241, '120750', 1, 'uangpas', 405, '2021-10-20 20:31:17', '2021-10-20 20:31:17'),
(242, '167900', 1, 'uangpas', 407, '2021-10-20 21:17:32', '2021-10-20 21:17:32'),
(243, '8050', 1, 'uang20000', 408, '2021-10-20 21:38:56', '2021-10-20 21:38:56'),
(244, '161000', 1, 'uangpas', 409, '2021-10-21 14:40:00', '2021-10-21 14:40:00'),
(245, '42320', 1, 'uangpas', 411, '2021-10-21 16:18:28', '2021-10-21 16:18:28'),
(246, '59800', 1, 'uang100000', 412, '2021-10-21 20:49:51', '2021-10-21 20:49:51'),
(247, '129950', 1, 'uangpas', 413, '2021-10-21 21:59:04', '2021-10-21 21:59:04'),
(248, '18400', 1, 'uang20000', 415, '2021-10-21 22:22:31', '2021-10-21 22:22:31'),
(249, '433550', 1, '450000', 414, '2021-10-21 22:58:09', '2021-10-21 22:58:09'),
(250, '18400', 1, 'uang20000', 416, '2021-10-21 22:59:51', '2021-10-21 22:59:51'),
(251, '57500', 1, 'uangpas', 417, '2021-10-22 15:58:05', '2021-10-22 15:58:05'),
(252, '255300', 1, 'uangpas', 418, '2021-10-22 16:33:36', '2021-10-22 16:33:36'),
(253, '164450', 1, 'uangpas', 419, '2021-10-22 16:39:04', '2021-10-22 16:39:04'),
(254, '473800', 1, 'uangpas', 420, '2021-10-22 21:07:38', '2021-10-22 21:07:38'),
(255, '59800', 1, 'uangpas', 422, '2021-10-22 23:04:16', '2021-10-22 23:04:16'),
(256, '267950', 1, 'uangpas', 424, '2021-10-23 15:26:57', '2021-10-23 15:26:57'),
(257, '144900', 1, 'uangpas', 423, '2021-10-23 16:53:06', '2021-10-23 16:53:06'),
(258, '173650', 1, 'uangpas', 425, '2021-10-23 20:36:27', '2021-10-23 20:36:27'),
(259, '60950', 1, 'uangpas', 429, '2021-10-23 20:42:35', '2021-10-23 20:42:35'),
(260, '78200', 1, 'uangpas', 428, '2021-10-23 20:46:13', '2021-10-23 20:46:13'),
(261, '78200', 1, 'uangpas', 428, '2021-10-23 20:46:13', '2021-10-23 20:46:13'),
(262, '28750', 1, 'uangpas', 433, '2021-10-23 21:13:01', '2021-10-23 21:13:01'),
(263, '104650', 1, 'uangpas', 434, '2021-10-23 21:19:10', '2021-10-23 21:19:10'),
(264, '46000', 1, 'uangpas', 427, '2021-10-23 21:32:06', '2021-10-23 21:32:06'),
(265, '121900', 1, 'uangpas', 431, '2021-10-23 21:50:00', '2021-10-23 21:50:00'),
(266, '148350', 1, 'uangpas', 432, '2021-10-23 21:56:12', '2021-10-23 21:56:12'),
(267, '317400', 1, 'uangpas', 430, '2021-10-23 21:57:00', '2021-10-23 21:57:00'),
(268, '112700', 1, 'uangpas', 426, '2021-10-23 22:26:58', '2021-10-23 22:26:58'),
(269, '89700', 1, 'uangpas', 435, '2021-10-24 11:19:05', '2021-10-24 11:19:05'),
(270, '272550', 1, 'uangpas', 436, '2021-10-24 15:35:15', '2021-10-24 15:35:15'),
(271, '354200', 1, 'uangpas', 437, '2021-10-24 16:36:49', '2021-10-24 16:36:49'),
(272, '57500', 1, 'uang100000', 438, '2021-10-24 17:11:27', '2021-10-24 17:11:27'),
(273, '86250', 1, 'uangpas', 439, '2021-10-24 17:25:18', '2021-10-24 17:25:18'),
(274, '121900', 1, '150000', 440, '2021-10-24 17:46:46', '2021-10-24 17:46:46'),
(275, '184000', 1, 'uangpas', 441, '2021-10-24 18:43:09', '2021-10-24 18:43:09'),
(276, '64400', 1, 'uang100000', 444, '2021-10-24 19:15:47', '2021-10-24 19:15:47'),
(277, '202400', 1, 'uangpas', 442, '2021-10-24 19:21:41', '2021-10-24 19:21:41'),
(278, '426650', 1, 'uangpas', 443, '2021-10-24 19:37:51', '2021-10-24 19:37:51'),
(279, '141450', 1, 'uangpas', 445, '2021-10-24 20:16:20', '2021-10-24 20:16:20'),
(280, '256450', 1, 'uangpas', 448, '2021-10-24 20:33:05', '2021-10-24 20:33:05'),
(281, '92000', 1, 'uangpas', 451, '2021-10-25 15:18:07', '2021-10-25 15:18:07'),
(282, '127650', 1, 'uangpas', 455, '2021-10-25 16:56:30', '2021-10-25 16:56:30'),
(283, '277150', 1, 'uangpas', 458, '2021-10-25 17:21:55', '2021-10-25 17:21:55'),
(284, '51750', 1, 'uangpas', 459, '2021-10-25 17:27:52', '2021-10-25 17:27:52'),
(285, '315100', 1, 'uangpas', 453, '2021-10-25 17:40:07', '2021-10-25 17:40:07'),
(286, '150650', 1, 'uangpas', 456, '2021-10-25 17:42:16', '2021-10-25 17:42:16'),
(287, '193200', 1, 'uangpas', 457, '2021-10-25 17:46:42', '2021-10-25 17:46:42'),
(288, '189750', 1, 'uangpas', 460, '2021-10-25 18:55:42', '2021-10-25 18:55:42'),
(289, '218500', 1, 'uangpas', 461, '2021-10-25 19:41:47', '2021-10-25 19:41:47'),
(290, '101200', 1, 'uangpas', 462, '2021-10-25 19:47:56', '2021-10-25 19:47:56'),
(291, '130640', 1, 'uangpas', 464, '2021-10-25 21:07:50', '2021-10-25 21:07:50'),
(292, '159850', 1, 'uangpas', 465, '2021-10-26 14:01:06', '2021-10-26 14:01:06'),
(293, '51750', 1, 'uangpas', 466, '2021-10-26 15:36:17', '2021-10-26 15:36:17'),
(294, '240350', 1, 'uangpas', 467, '2021-10-26 19:09:14', '2021-10-26 19:09:14'),
(295, '116150', 1, 'uangpas', 468, '2021-10-26 19:49:45', '2021-10-26 19:49:45'),
(296, '262200', 1, '300000', 470, '2021-10-26 20:20:09', '2021-10-26 20:20:09'),
(297, '123050', 1, 'uangpas', 469, '2021-10-26 21:12:35', '2021-10-26 21:12:35'),
(298, '27600', 1, 'uangpas', 471, '2021-10-26 21:12:47', '2021-10-26 21:12:47');

-- --------------------------------------------------------

--
-- Struktur dari tabel `penjualan`
--

CREATE TABLE `penjualan` (
  `id` int(11) NOT NULL,
  `id_pelanggan` int(11) NOT NULL,
  `id_meja` int(11) NOT NULL DEFAULT 1,
  `id_user` int(11) NOT NULL,
  `pelanggan` varchar(50) NOT NULL DEFAULT '-',
  `jenis_transaksi` int(1) NOT NULL,
  `status` int(1) NOT NULL,
  `diskon` double NOT NULL DEFAULT 0,
  `jenis_diskon` int(1) NOT NULL,
  `service` int(3) NOT NULL DEFAULT 5,
  `created_at` datetime NOT NULL,
  `updated_at` datetime NOT NULL
) ENGINE=InnoDB DEFAULT CHARSET=utf8mb4;

--
-- Dumping data untuk tabel `penjualan`
--

INSERT INTO `penjualan` (`id`, `id_pelanggan`, `id_meja`, `id_user`, `pelanggan`, `jenis_transaksi`, `status`, `diskon`, `jenis_diskon`, `service`, `created_at`, `updated_at`) VALUES
(140, 0, 13, 0, 'Bpk. Oscar', 0, 1, 20, 1, 3, '2021-10-01 00:43:40', '2021-10-01 01:28:47'),
(141, 0, 13, 0, '-', 0, 1, 20, 1, 3, '2021-10-01 01:29:42', '2021-10-01 01:29:54'),
(142, 0, 2, 0, 'bpk Indra', 0, 1, 20, 1, 3, '2021-10-01 01:40:21', '2021-10-01 02:12:50'),
(143, 0, 15, 0, '-', 0, 1, 20, 1, 3, '2021-10-01 01:58:51', '2021-10-01 02:58:04'),
(144, 0, 11, 0, 'bpk. haryono', 0, 1, 20, 1, 3, '2021-10-01 02:24:56', '2021-10-01 03:03:47'),
(145, 0, 11, 0, 'ibu agustin', 0, 1, 20, 1, 3, '2021-10-01 02:28:18', '2021-10-01 03:01:09'),
(148, 0, 1, 0, 'ms.feby', 0, 1, 20, 1, 3, '2021-10-01 04:21:16', '2021-10-01 06:19:17'),
(149, 0, 17, 0, 'ms.icha', 0, 1, 20, 1, 3, '2021-10-01 04:32:06', '2021-10-01 06:04:27'),
(150, 0, 17, 0, '-', 0, 1, 20, 1, 3, '2021-10-01 04:41:06', '2021-10-01 06:05:04'),
(151, 0, 18, 0, '-', 0, 1, 20, 1, 3, '2021-10-01 04:59:56', '2021-10-01 06:06:07'),
(154, 0, 1, 0, 'Mr.yuda', 0, 1, 20, 1, 3, '2021-10-01 05:39:49', '2021-10-01 07:10:12'),
(156, 0, 1, 0, 'Bu Dani', 0, 1, 20, 1, 3, '2021-10-01 05:45:42', '2021-10-01 08:00:38'),
(157, 0, 1, 0, 'ms.nana', 0, 1, 20, 1, 3, '2021-10-01 05:46:56', '2021-10-01 06:19:30'),
(158, 0, 1, 0, 'Mr beni', 0, 1, 20, 1, 3, '2021-10-01 05:51:57', '2021-10-01 07:52:53'),
(159, 0, 1, 0, 'Pak Mario', 0, 1, 20, 1, 3, '2021-10-01 05:56:57', '2021-10-01 07:18:14'),
(160, 0, 15, 0, 'Mr.greg', 0, 1, 20, 1, 3, '2021-10-01 06:00:00', '2021-10-01 06:00:37'),
(161, 0, 14, 0, '-', 0, 1, 20, 1, 3, '2021-10-01 06:09:38', '2021-10-01 07:52:37'),
(163, 0, 1, 0, '-', 0, 1, 20, 1, 3, '2021-10-01 06:24:09', '2021-10-01 06:55:42'),
(166, 0, 11, 0, '-pak yuda', 0, 1, 20, 1, 3, '2021-10-01 06:34:31', '2021-10-01 07:09:38'),
(167, 0, 18, 0, '-ika', 0, 1, 20, 1, 3, '2021-10-01 07:05:08', '2021-10-01 07:37:42'),
(169, 0, 1, 0, 'ms. cita', 0, 1, 20, 1, 3, '2021-10-01 07:30:15', '2021-10-01 07:59:19'),
(170, 0, 1, 0, '-ms cita', 0, 1, 20, 1, 3, '2021-10-01 07:59:52', '2021-10-01 08:00:01'),
(171, 0, 1, 0, 'pak noval', 0, 1, 20, 1, 3, '2021-10-01 08:05:50', '2021-10-01 08:06:26'),
(172, 0, 1, 0, '-pak yuda', 0, 1, 20, 1, 3, '2021-10-01 08:31:32', '2021-10-01 08:31:46'),
(173, 0, 1, 0, '-pak rohim', 0, 1, 20, 1, 3, '2021-10-01 08:34:38', '2021-10-01 08:35:11'),
(174, 0, 1, 0, '-pak g', 0, 1, 20, 1, 3, '2021-10-01 08:39:26', '2021-10-01 08:40:04'),
(177, 0, 2, 0, '-', 0, 1, 20, 1, 3, '2021-10-01 23:13:02', '2021-10-01 23:42:39'),
(178, 0, 13, 0, '-mr sultan', 0, 1, 20, 1, 3, '2021-10-01 23:20:40', '2021-10-01 23:54:36'),
(179, 0, 3, 0, '-', 0, 1, 20, 1, 3, '2021-10-01 23:29:01', '2021-10-02 00:04:43'),
(180, 0, 12, 0, 'Bpk. Ami S.', 0, 1, 20, 1, 3, '2021-10-01 23:57:57', '2021-10-02 01:51:02'),
(181, 0, 11, 0, '-ms rowena', 0, 1, 20, 1, 3, '2021-10-02 01:15:56', '2021-10-02 01:45:31'),
(182, 0, 11, 0, '-mr.hadi', 0, 1, 20, 1, 3, '2021-10-02 05:58:02', '2021-10-02 06:39:02'),
(183, 0, 15, 0, '-', 0, 1, 20, 1, 3, '2021-10-02 06:43:41', '2021-10-02 07:28:34'),
(184, 0, 15, 0, 'Mr. hansen', 0, 1, 20, 1, 3, '2021-10-02 06:47:40', '2021-10-02 07:42:43'),
(186, 0, 18, 0, 'Mr.ben', 0, 1, 20, 1, 3, '2021-10-02 07:06:50', '2021-10-02 07:46:57'),
(188, 0, 3, 0, 'ms. ijah', 0, 1, 20, 1, 3, '2021-10-02 07:17:08', '2021-10-02 07:49:57'),
(189, 0, 10, 0, '-', 0, 1, 20, 1, 3, '2021-10-02 07:21:09', '2021-10-02 08:15:57'),
(191, 0, 16, 0, '-', 0, 1, 20, 1, 3, '2021-10-02 07:45:18', '2021-10-02 08:17:42'),
(192, 0, 14, 0, '-', 0, 1, 20, 1, 3, '2021-10-02 07:55:44', '2021-10-02 08:37:15'),
(193, 0, 18, 0, '-', 0, 1, 20, 1, 3, '2021-10-02 08:03:02', '2021-10-02 09:12:04'),
(194, 0, 2, 0, '-', 0, 1, 20, 1, 3, '2021-10-02 08:23:32', '2021-10-02 09:04:25'),
(195, 0, 17, 0, '-', 0, 1, 20, 1, 3, '2021-10-02 08:25:31', '2021-10-02 10:05:23'),
(196, 0, 1, 0, 'pak Sandry', 0, 1, 20, 1, 3, '2021-10-02 08:40:19', '2021-10-02 08:55:17'),
(198, 0, 2, 0, '-', 0, 1, 20, 1, 3, '2021-10-02 09:06:45', '2021-10-02 09:06:57'),
(201, 0, 1, 0, '-tes', 0, 1, 20, 1, 3, '2021-10-02 10:25:45', '2021-10-02 10:55:39'),
(202, 0, 1, 0, '-tes', 0, 1, 0, 1, 3, '2021-10-02 10:52:55', '2021-10-02 10:55:05'),
(203, 0, 1, 0, '-tes', 0, 1, 0, 1, 3, '2021-10-02 11:11:42', '2021-10-02 11:12:23'),
(204, 0, 1, 0, '-tes', 0, 1, 0, 0, 3, '2021-10-02 11:14:15', '2021-10-02 11:14:34'),
(205, 0, 13, 0, '-', 0, 1, 20, 1, 3, '2021-10-02 22:49:20', '2021-10-02 23:26:52'),
(206, 0, 3, 0, '-', 0, 1, 20, 1, 3, '2021-10-03 00:13:16', '2021-10-03 01:02:27'),
(207, 0, 13, 0, '-', 0, 1, 20, 1, 3, '2021-10-03 00:14:14', '2021-10-03 01:01:13'),
(208, 0, 11, 0, '-', 0, 1, 20, 1, 3, '2021-10-03 01:13:12', '2021-10-03 01:58:55'),
(209, 0, 8, 0, '-mr. topan', 0, 1, 20, 1, 3, '2021-10-03 01:42:42', '2021-10-03 02:17:21'),
(211, 0, 3, 0, '-mr.sedik', 0, 1, 20, 1, 3, '2021-10-03 04:21:26', '2021-10-03 04:55:40'),
(212, 0, 1, 0, 'Mr.adit', 0, 1, 20, 1, 3, '2021-10-03 04:34:50', '2021-10-03 05:28:04'),
(213, 0, 10, 0, '-mr.yulian', 0, 1, 20, 1, 3, '2021-10-03 04:44:20', '2021-10-03 05:25:14'),
(214, 0, 13, 0, '-', 0, 1, 20, 1, 3, '2021-10-03 04:46:19', '2021-10-03 05:25:34'),
(215, 0, 1, 0, 'Bu shelly', 0, 1, 20, 1, 3, '2021-10-03 04:59:59', '2021-10-03 05:01:34'),
(216, 0, 3, 0, 'ms. clara', 0, 1, 20, 1, 3, '2021-10-03 05:44:42', '2021-10-03 08:50:22'),
(217, 0, 11, 0, '-', 0, 1, 20, 1, 3, '2021-10-03 06:19:44', '2021-10-03 06:54:26'),
(218, 0, 1, 0, 'Mr. kuswantoro', 0, 1, 20, 1, 3, '2021-10-03 06:49:38', '2021-10-03 07:50:33'),
(219, 0, 1, 0, 'Mr.andreas', 0, 1, 20, 1, 3, '2021-10-03 06:52:19', '2021-10-03 07:56:50'),
(220, 0, 1, 0, '-', 0, 1, 20, 1, 3, '2021-10-03 07:13:17', '2021-10-03 07:13:29'),
(221, 0, 10, 0, 'ms. dea', 0, 1, 20, 1, 3, '2021-10-03 08:11:51', '2021-10-03 08:17:40'),
(222, 0, 1, 0, '-', 0, 1, 20, 1, 3, '2021-10-03 08:28:50', '2021-10-03 08:29:21'),
(223, 0, 3, 0, '-', 0, 1, 20, 1, 3, '2021-10-03 09:15:55', '2021-10-03 09:26:14'),
(224, 0, 3, 0, '-ms.intan', 0, 1, 20, 1, 3, '2021-10-04 00:14:22', '2021-10-04 01:12:44'),
(225, 0, 1, 0, '-abi', 0, 1, 0, 1, 3, '2021-10-04 01:14:30', '2021-10-04 06:41:47'),
(228, 0, 13, 0, 'Mr. bambang', 0, 1, 20, 1, 3, '2021-10-04 02:05:38', '2021-10-04 02:23:16'),
(230, 0, 8, 0, '-mr.rohim', 0, 1, 20, 1, 3, '2021-10-04 03:40:07', '2021-10-04 07:16:20'),
(231, 0, 1, 0, 'Mr. judo', 0, 1, 20, 1, 3, '2021-10-04 06:17:23', '2021-10-04 07:14:23'),
(232, 0, 2, 0, '-mr p', 0, 1, 20, 1, 3, '2021-10-04 06:49:50', '2021-10-04 07:52:37'),
(233, 0, 10, 0, '-ms cita', 0, 1, 20, 1, 3, '2021-10-04 06:53:02', '2021-10-04 07:09:20'),
(234, 0, 1, 0, 'Mr. Ardy', 0, 1, 20, 1, 3, '2021-10-04 07:00:44', '2021-10-04 07:01:34'),
(235, 0, 10, 0, '-ms citta', 0, 1, 20, 1, 3, '2021-10-04 07:18:21', '2021-10-04 07:18:56'),
(236, 0, 1, 0, 'Andrian', 0, 1, 20, 1, 3, '2021-10-04 07:53:10', '2021-10-04 07:53:22'),
(238, 0, 16, 0, '-mr. ammi', 0, 1, 20, 1, 3, '2021-10-04 08:13:22', '2021-10-04 09:05:15'),
(239, 0, 1, 0, 'Mr.andi', 0, 1, 20, 1, 3, '2021-10-04 08:15:44', '2021-10-04 09:10:57'),
(240, 0, 1, 0, 'Mr.andrian', 0, 1, 20, 1, 3, '2021-10-04 08:26:21', '2021-10-04 08:26:39'),
(241, 0, 1, 0, 'Mr.leo', 0, 1, 20, 1, 3, '2021-10-04 08:39:09', '2021-10-04 09:42:09'),
(242, 0, 1, 0, '-', 0, 1, 0, 0, 3, '2021-10-04 09:56:53', '2021-10-04 09:57:23'),
(243, 0, 1, 0, '-', 0, 1, 0, 0, 3, '2021-10-04 09:57:55', '2021-10-04 09:58:20'),
(244, 0, 13, 0, '-', 0, 1, 20, 1, 3, '2021-10-06 08:40:21', '2021-10-06 23:53:26'),
(245, 0, 8, 0, '-natasya', 0, 1, 20, 1, 3, '2021-10-06 04:21:46', '2021-10-06 05:45:40'),
(246, 0, 2, 0, 'Mr.sony', 0, 1, 20, 1, 3, '2021-10-06 05:10:31', '2021-10-06 05:52:44'),
(247, 0, 1, 0, 'Mr. indra', 0, 1, 20, 1, 3, '2021-10-06 05:49:19', '2021-10-06 07:26:56'),
(248, 0, 10, 0, 'Mr. brian', 0, 2, 20, 1, 3, '2021-10-06 06:15:36', '2021-10-06 08:04:57'),
(249, 0, 13, 0, '-', 0, 1, 20, 1, 3, '2021-10-06 06:21:38', '2021-10-06 06:21:48'),
(250, 0, 1, 0, 'ibu rizky', 0, 1, 20, 1, 3, '2021-10-06 06:24:49', '2021-10-06 06:36:20'),
(251, 0, 1, 0, 'Mr denny', 0, 1, 20, 1, 3, '2021-10-06 06:59:34', '2021-10-06 07:28:21'),
(252, 0, 3, 0, 'Mr taufik', 0, 1, 20, 1, 3, '2021-10-06 07:24:19', '2021-10-06 08:40:49'),
(254, 0, 18, 0, 'papi leo', 0, 1, 20, 1, 3, '2021-10-06 07:41:22', '2021-10-06 09:02:05'),
(255, 0, 12, 0, 'ms indah', 0, 1, 20, 1, 3, '2021-10-06 08:01:46', '2021-10-06 08:54:56'),
(256, 0, 1, 0, 'Mr brian', 0, 1, 20, 1, 3, '2021-10-06 08:07:58', '2021-10-06 08:09:20'),
(257, 0, 17, 0, 'ms. nora', 0, 1, 20, 1, 3, '2021-10-06 09:01:49', '2021-10-06 09:22:43'),
(258, 0, 3, 0, 'ms. fajar', 0, 1, 20, 1, 3, '2021-10-07 02:17:08', '2021-10-07 03:09:36'),
(260, 0, 8, 0, '-p.ami', 0, 1, 20, 1, 3, '2021-10-07 04:05:15', '2021-10-07 04:10:05'),
(262, 0, 3, 0, '-firman', 0, 1, 20, 1, 3, '2021-10-07 04:23:25', '2021-10-07 04:24:09'),
(263, 0, 1, 0, '-', 0, 2, 20, 1, 3, '2021-10-07 04:30:10', '2021-10-07 04:30:23'),
(265, 0, 16, 0, 'Mr yohanes', 0, 1, 20, 1, 3, '2021-10-07 04:43:06', '2021-10-07 05:59:18'),
(266, 0, 8, 0, '-', 0, 1, 20, 1, 3, '2021-10-07 05:39:53', '2021-10-07 06:30:47'),
(267, 0, 18, 0, '-adam', 0, 1, 20, 1, 3, '2021-10-07 06:26:27', '2021-10-07 07:57:23'),
(268, 0, 18, 0, '-', 0, 1, 20, 1, 3, '2021-10-07 06:47:51', '2021-10-07 07:53:37'),
(269, 0, 1, 0, 'Mr.firman', 0, 1, 20, 1, 3, '2021-10-07 07:27:09', '2021-10-07 09:30:01'),
(271, 0, 1, 0, 'mr rudy', 0, 1, 20, 1, 3, '2021-10-07 08:04:20', '2021-10-07 08:05:15'),
(272, 0, 1, 0, 'Mr firman', 0, 2, 20, 1, 3, '2021-10-07 09:05:11', '2021-10-07 09:05:27'),
(273, 0, 1, 0, 'Mr indra', 0, 1, 20, 1, 3, '2021-10-07 09:13:22', '2021-10-07 09:13:48'),
(274, 0, 1, 0, 'pak Ami', 0, 1, 20, 1, 3, '2021-10-07 22:53:21', '2021-10-08 01:02:11'),
(275, 0, 1, 0, '-', 0, 1, 20, 1, 3, '2021-10-08 00:51:09', '2021-10-08 00:51:20'),
(276, 0, 1, 0, 'Mr.asep', 0, 1, 20, 1, 3, '2021-10-08 01:22:42', '2021-10-08 01:40:48'),
(277, 0, 1, 0, 'Bu sherly', 0, 1, 20, 1, 3, '2021-10-08 02:39:37', '2021-10-08 03:08:57'),
(278, 0, 1, 0, 'Mr. ami', 0, 1, 20, 1, 3, '2021-10-08 06:30:11', '2021-10-08 08:10:03'),
(279, 0, 17, 0, 'ms lulu', 0, 1, 20, 1, 3, '2021-10-08 07:14:38', '2021-10-08 08:09:41'),
(281, 0, 1, 0, 'mbak Rizky', 0, 1, 0, 0, 3, '2021-10-08 07:43:36', '2021-10-08 09:29:14'),
(282, 0, 1, 0, '-firman', 0, 1, 20, 1, 3, '2021-10-08 09:17:22', '2021-10-08 09:18:06'),
(283, 0, 1, 0, '-mr ardi', 0, 1, 20, 1, 3, '2021-10-08 09:24:11', '2021-10-08 10:12:47'),
(285, 0, 18, 0, '-mr.xenia', 0, 1, 20, 1, 3, '2021-10-08 09:26:31', '2021-10-08 09:28:37'),
(286, 0, 16, 0, '-ms. vrisca', 0, 1, 20, 1, 3, '2021-10-08 09:51:39', '2021-10-08 09:52:35'),
(287, 0, 1, 0, '-', 0, 1, 0, 0, 3, '2021-10-08 10:12:29', '2021-10-08 10:20:27'),
(288, 0, 2, 0, '-mr.candra', 0, 1, 20, 1, 3, '2021-10-09 15:15:04', '2021-10-09 15:23:28'),
(289, 0, 17, 0, 'mr boy', 0, 1, 20, 1, 3, '2021-10-09 16:44:12', '2021-10-09 18:30:39'),
(290, 0, 18, 0, 'Mrs. ratna', 0, 1, 20, 1, 3, '2021-10-09 16:50:49', '2021-10-09 17:49:37'),
(291, 0, 2, 0, 'ms. kiren', 0, 1, 20, 1, 3, '2021-10-09 17:24:52', '2021-10-09 17:59:09'),
(293, 0, 1, 0, '-', 0, 1, 20, 1, 3, '2021-10-09 18:01:56', '2021-10-09 18:08:58'),
(294, 0, 10, 0, 'ms novi', 0, 1, 20, 1, 3, '2021-10-09 18:29:13', '2021-10-09 19:05:10'),
(295, 0, 11, 0, '-ms.salsa', 0, 1, 20, 1, 3, '2021-10-09 18:36:38', '2021-10-09 19:43:42'),
(296, 0, 12, 0, '-', 0, 1, 20, 1, 3, '2021-10-09 18:38:56', '2021-10-09 19:30:46'),
(298, 0, 3, 0, 'ms sena', 0, 1, 20, 1, 3, '2021-10-09 18:50:41', '2021-10-09 19:43:02'),
(299, 0, 18, 0, 'Mr arip', 0, 1, 20, 1, 3, '2021-10-09 19:13:58', '2021-10-09 19:50:12'),
(303, 0, 16, 0, '-ms.sota', 0, 1, 20, 1, 5, '2021-10-09 20:18:40', '2021-10-09 21:01:53'),
(305, 0, 10, 0, 'Mr joja ', 0, 1, 20, 1, 5, '2021-10-09 20:29:46', '2021-10-10 00:12:56'),
(306, 0, 2, 0, '-', 0, 1, 20, 1, 5, '2021-10-09 21:04:27', '2021-10-09 21:16:59'),
(307, 0, 15, 0, 'Mr wijaya', 0, 1, 20, 1, 5, '2021-10-09 21:05:44', '2021-10-09 21:30:04'),
(310, 0, 10, 0, '', 0, 1, 20, 1, 5, '2021-10-10 12:47:15', '2021-10-10 13:30:46'),
(311, 0, 2, 0, '-', 0, 1, 20, 1, 5, '2021-10-10 13:33:37', '2021-10-10 14:25:37'),
(312, 0, 8, 0, '-', 0, 1, 20, 1, 5, '2021-10-10 14:30:45', '2021-10-10 15:14:33'),
(316, 0, 3, 0, '-mr indra', 0, 1, 20, 1, 5, '2021-10-10 14:41:13', '2021-10-10 15:14:00'),
(317, 0, 1, 0, '-ibu sherly', 0, 1, 20, 1, 5, '2021-10-10 15:02:16', '2021-10-10 15:16:44'),
(319, 0, 1, 0, '-', 0, 1, 20, 1, 5, '2021-10-10 15:38:08', '2021-10-10 15:38:26'),
(320, 0, 1, 0, '-', 0, 1, 0, 0, 5, '2021-10-10 15:40:21', '2021-10-10 15:40:54'),
(321, 0, 13, 0, '-', 0, 1, 20, 1, 5, '2021-10-10 16:53:15', '2021-10-10 17:27:31'),
(322, 0, 17, 0, '-', 0, 1, 20, 1, 5, '2021-10-10 16:54:07', '2021-10-10 17:33:17'),
(323, 0, 1, 0, 'Natasya', 0, 1, 20, 1, 5, '2021-10-10 17:22:23', '2021-10-10 17:22:49'),
(324, 0, 1, 0, 'Mr Hengky', 0, 1, 20, 1, 5, '2021-10-10 18:39:19', '2021-10-10 19:21:46'),
(325, 0, 16, 0, '-mr.sugeng', 0, 1, 20, 1, 5, '2021-10-10 19:02:27', '2021-10-10 21:03:43'),
(326, 0, 1, 0, 'Mr steven', 0, 1, 20, 1, 5, '2021-10-10 19:46:06', '2021-10-10 19:46:15'),
(327, 0, 11, 0, 'Mr Lina', 0, 1, 20, 1, 5, '2021-10-10 20:21:14', '2021-10-10 21:01:57'),
(329, 0, 14, 0, 'Mr Hansen ', 0, 1, 20, 1, 5, '2021-10-11 16:50:03', '2021-10-11 17:23:56'),
(330, 0, 10, 0, 'Mr vovo', 0, 1, 20, 1, 5, '2021-10-11 17:13:32', '2021-10-11 17:23:29'),
(331, 0, 14, 0, '-ms.hilda', 0, 1, 20, 1, 5, '2021-10-11 17:38:03', '2021-10-11 18:25:41'),
(333, 0, 1, 0, '-', 0, 1, 0, 0, 5, '2021-10-11 18:03:30', '2021-10-11 18:03:53'),
(334, 0, 19, 0, 'Mr toim', 0, 1, 20, 1, 5, '2021-10-11 18:13:17', '2021-10-11 18:49:35'),
(335, 0, 8, 0, 'Mr samsudi', 0, 2, 20, 1, 5, '2021-10-11 18:16:42', '2021-10-11 18:59:31'),
(336, 0, 1, 0, 'Mr iqbal', 0, 1, 20, 1, 5, '2021-10-11 18:59:02', '2021-10-11 19:38:04'),
(337, 0, 1, 0, 'Mr Ami', 0, 1, 20, 1, 5, '2021-10-11 19:08:24', '2021-10-11 19:38:31'),
(338, 0, 1, 0, 'Mr sofyan ', 0, 1, 20, 1, 5, '2021-10-11 19:09:21', '2021-10-11 20:20:36'),
(339, 0, 1, 0, 'Mr ami', 0, 1, 20, 1, 5, '2021-10-11 19:40:18', '2021-10-11 19:53:41'),
(340, 0, 19, 0, '-ms santi', 0, 1, 20, 1, 5, '2021-10-11 19:53:21', '2021-10-11 20:44:36'),
(341, 0, 1, 0, '-mr ami', 0, 1, 20, 1, 5, '2021-10-13 18:09:19', '2021-10-13 18:10:52'),
(342, 0, 1, 0, '-mr andrian', 0, 1, 20, 1, 5, '2021-10-13 18:59:56', '2021-10-13 20:39:47'),
(343, 0, 16, 0, '-mr G ', 0, 1, 20, 1, 5, '2021-10-13 19:21:34', '2021-10-13 20:21:48'),
(344, 0, 15, 0, '-ms ica', 0, 1, 20, 1, 5, '2021-10-13 19:22:53', '2021-10-13 20:58:21'),
(345, 0, 17, 0, 'ms ginuk', 0, 1, 20, 1, 5, '2021-10-13 19:50:42', '2021-10-13 21:07:13'),
(346, 0, 1, 0, 'Mr indra', 0, 1, 20, 1, 5, '2021-10-13 20:37:03', '2021-10-13 20:37:32'),
(347, 0, 1, 0, 'Mr Alif ', 0, 1, 20, 1, 5, '2021-10-13 22:02:38', '2021-10-13 22:36:32'),
(348, 0, 16, 0, '-ms novi', 0, 1, 20, 1, 5, '2021-10-14 16:58:56', '2021-10-14 18:07:17'),
(349, 0, 14, 0, 'Mr ahmat', 0, 1, 20, 1, 5, '2021-10-14 17:17:44', '2021-10-14 17:56:49'),
(350, 0, 1, 0, 'ms wiwin', 0, 1, 20, 1, 5, '2021-10-14 19:24:56', '2021-10-14 20:26:52'),
(351, 0, 12, 0, 'ms novi', 0, 1, 20, 1, 5, '2021-10-14 19:56:00', '2021-10-14 21:14:55'),
(352, 0, 3, 0, 'ms rowena', 0, 1, 20, 1, 5, '2021-10-14 20:08:34', '2021-10-14 21:50:24'),
(353, 0, 10, 0, '-', 0, 1, 20, 1, 5, '2021-10-15 12:19:05', '2021-10-15 13:08:40'),
(354, 0, 12, 0, '-', 0, 1, 20, 1, 5, '2021-10-15 12:43:31', '2021-10-15 13:24:38'),
(355, 0, 1, 0, 'ms icha', 0, 1, 0, 0, 5, '2021-10-15 16:50:41', '2021-10-15 17:12:59'),
(356, 0, 1, 0, 'Bu sherly', 0, 1, 0, 0, 5, '2021-10-15 16:52:07', '2021-10-15 20:36:37'),
(357, 0, 3, 0, '-ms mita', 0, 1, 0, 0, 5, '2021-10-15 17:18:40', '2021-10-15 18:14:19'),
(358, 0, 1, 0, 'mas ben', 0, 1, 0, 0, 5, '2021-10-15 19:23:03', '2021-10-15 20:32:21'),
(359, 0, 1, 0, '-', 0, 1, 0, 0, 5, '2021-10-15 19:28:47', '2021-10-15 19:28:58'),
(360, 0, 1, 0, '-', 0, 1, 0, 0, 5, '2021-10-15 20:29:59', '2021-10-15 20:35:56'),
(361, 0, 1, 0, 'Mr and', 0, 1, 0, 0, 5, '2021-10-15 20:46:23', '2021-10-15 20:46:31'),
(362, 0, 17, 0, '-ms hengki', 0, 1, 0, 0, 5, '2021-10-16 18:54:44', '2021-10-16 20:02:05'),
(363, 0, 3, 0, '-', 0, 1, 0, 0, 5, '2021-10-16 18:56:08', '2021-10-16 19:44:48'),
(364, 0, 11, 0, 'Mr Gatot ', 0, 1, 0, 0, 5, '2021-10-16 19:22:00', '2021-10-16 20:38:34'),
(365, 0, 8, 0, 'Mr nanang', 0, 1, 0, 0, 5, '2021-10-16 19:26:17', '2021-10-16 20:31:02'),
(366, 0, 1, 0, 'Mr ardy', 0, 1, 0, 0, 5, '2021-10-16 19:33:24', '2021-10-16 22:13:13'),
(367, 0, 2, 0, 'ms helen', 0, 1, 0, 0, 5, '2021-10-16 19:35:04', '2021-10-16 20:25:36'),
(368, 0, 3, 0, 'Mr budi', 0, 1, 0, 0, 5, '2021-10-16 20:03:00', '2021-10-16 20:31:52'),
(369, 0, 3, 0, '-', 0, 1, 0, 0, 5, '2021-10-16 21:06:38', '2021-10-16 22:13:53'),
(370, 0, 1, 0, '-', 0, 1, 0, 0, 5, '2021-10-16 22:42:06', '2021-10-16 22:42:19'),
(371, 0, 1, 0, '-', 0, 1, 20, 1, 5, '2021-10-16 22:43:43', '2021-10-16 22:44:09'),
(372, 0, 1, 0, 'Mrs. Shelly', 0, 1, 0, 0, 5, '2021-10-17 11:16:09', '2021-10-17 12:01:10'),
(373, 0, 1, 0, '-', 0, 1, 0, 0, 5, '2021-10-17 12:01:58', '2021-10-17 12:33:31'),
(374, 0, 10, 0, 'ms sinta', 0, 1, 0, 0, 5, '2021-10-17 12:18:07', '2021-10-17 12:52:35'),
(376, 0, 16, 0, '-', 0, 1, 0, 0, 5, '2021-10-17 17:19:21', '2021-10-17 18:26:46'),
(377, 0, 10, 0, '-', 0, 1, 0, 0, 5, '2021-10-17 17:57:50', '2021-10-17 18:13:50'),
(378, 0, 1, 0, 'Mr teguh Suyitno ', 0, 1, 20, 1, 5, '2021-10-17 18:02:19', '2021-10-17 19:34:49'),
(379, 0, 11, 0, '-', 0, 1, 0, 0, 5, '2021-10-17 18:34:16', '2021-10-17 19:10:35'),
(380, 0, 3, 0, 'ms mariani', 0, 1, 0, 0, 5, '2021-10-17 18:35:14', '2021-10-17 19:11:36'),
(381, 0, 1, 0, 'Bu sherly', 0, 1, 0, 1, 5, '2021-10-17 18:39:03', '2021-10-17 20:33:43'),
(382, 0, 17, 0, '-', 0, 1, 0, 0, 5, '2021-10-17 18:57:12', '2021-10-17 19:46:52'),
(383, 0, 1, 0, 'Mr ben', 0, 1, 0, 0, 5, '2021-10-17 18:57:36', '2021-10-17 20:30:38'),
(384, 0, 2, 0, '-', 0, 1, 0, 0, 5, '2021-10-17 19:37:29', '2021-10-17 20:18:54'),
(385, 0, 17, 0, '-', 0, 1, 0, 1, 5, '2021-10-17 20:07:50', '2021-10-17 20:32:02'),
(386, 0, 17, 0, 'Kimmy chans', 0, 1, 0, 1, 5, '2021-10-17 20:37:23', '2021-10-17 21:35:01'),
(387, 0, 3, 0, 'Mr hadi', 0, 1, 0, 1, 5, '2021-10-17 20:39:36', '2021-10-17 21:41:33'),
(388, 0, 1, 0, 'ms cita', 0, 1, 0, 0, 5, '2021-10-18 15:39:58', '2021-10-18 15:40:37'),
(389, 0, 1, 0, 'pak Indra', 0, 1, 0, 0, 5, '2021-10-18 15:41:34', '2021-10-18 15:42:21'),
(390, 0, 16, 0, 'Mr taufik', 0, 1, 0, 0, 5, '2021-10-18 18:08:05', '2021-10-18 20:02:14'),
(392, 0, 8, 0, 'Mr imam', 0, 1, 0, 0, 5, '2021-10-18 18:52:59', '2021-10-18 19:32:57'),
(393, 0, 19, 0, 'ms lina', 0, 1, 0, 0, 5, '2021-10-18 18:59:22', '2021-10-18 19:31:27'),
(394, 0, 1, 0, '-', 0, 1, 0, 0, 5, '2021-10-18 19:26:42', '2021-10-18 19:26:52'),
(395, 0, 16, 0, 'ms dinda', 0, 1, 0, 0, 5, '2021-10-20 17:26:21', '2021-10-20 18:16:49'),
(396, 0, 3, 0, 'Mrs fenti', 0, 1, 0, 0, 5, '2021-10-20 17:28:00', '2021-10-20 18:15:20'),
(397, 0, 17, 0, 'mrs dia', 0, 1, 0, 0, 5, '2021-10-20 17:58:32', '2021-10-20 18:38:14'),
(398, 0, 11, 0, 'mrs dewi', 0, 1, 0, 0, 5, '2021-10-20 18:08:58', '2021-10-20 18:43:40'),
(399, 0, 20, 0, 'Mr norman', 0, 1, 0, 0, 5, '2021-10-20 18:09:36', '2021-10-20 18:44:38'),
(400, 0, 1, 0, '-', 0, 1, 0, 0, 5, '2021-10-20 18:44:56', '2021-10-20 18:45:07'),
(401, 0, 16, 0, 'Mr hendra', 0, 1, 0, 0, 5, '2021-10-20 18:48:27', '2021-10-20 19:24:31'),
(402, 0, 15, 0, 'Mr aan', 0, 1, 0, 0, 5, '2021-10-20 18:49:25', '2021-10-20 19:13:00'),
(403, 0, 11, 0, 'Mr yuda', 0, 1, 0, 0, 5, '2021-10-20 19:06:39', '2021-10-20 19:30:27'),
(404, 0, 18, 0, '-', 0, 1, 0, 0, 5, '2021-10-20 19:06:57', '2021-10-20 20:02:20'),
(405, 0, 15, 0, 'Mr kusnadi', 0, 1, 0, 0, 5, '2021-10-20 19:31:50', '2021-10-20 20:31:17'),
(406, 0, 1, 0, 'Mr brahma', 0, 1, 0, 0, 5, '2021-10-20 19:40:32', '2021-10-20 19:41:59'),
(407, 0, 18, 0, 'Mr gatot', 0, 1, 0, 0, 5, '2021-10-20 20:47:58', '2021-10-20 21:17:32'),
(408, 0, 1, 0, '-', 0, 1, 0, 0, 5, '2021-10-20 21:38:44', '2021-10-20 21:38:56'),
(409, 0, 1, 0, 'Bu Sherly', 0, 1, 0, 0, 5, '2021-10-21 14:20:09', '2021-10-21 14:40:00'),
(411, 0, 1, 0, 'ms rita', 0, 1, 20, 1, 5, '2021-10-21 16:16:41', '2021-10-21 16:18:28'),
(412, 0, 1, 0, '-', 0, 1, 20, 1, 5, '2021-10-21 20:49:33', '2021-10-21 20:49:51'),
(413, 0, 16, 0, 'ms ayu', 0, 1, 0, 0, 5, '2021-10-21 20:57:53', '2021-10-21 21:59:04'),
(414, 0, 15, 0, '-', 0, 1, 0, 0, 5, '2021-10-21 22:09:47', '2021-10-21 22:58:09'),
(415, 0, 1, 0, 'Geronimo', 0, 1, 0, 0, 5, '2021-10-21 22:22:20', '2021-10-21 22:22:31'),
(416, 0, 1, 0, '-', 0, 1, 0, 0, 5, '2021-10-21 22:59:30', '2021-10-21 22:59:51'),
(417, 0, 8, 0, 'ms nani', 0, 1, 0, 0, 5, '2021-10-22 15:09:02', '2021-10-22 15:58:05'),
(418, 0, 13, 0, 'Mr jainal', 0, 1, 0, 0, 5, '2021-10-22 15:23:41', '2021-10-22 16:33:36'),
(419, 0, 17, 0, '-mr okta', 0, 1, 0, 0, 5, '2021-10-22 16:02:03', '2021-10-22 16:39:04'),
(420, 0, 8, 0, 'ibu sherly', 0, 1, 0, 0, 5, '2021-10-22 19:22:58', '2021-10-22 21:07:38'),
(422, 0, 1, 0, 'Mr eko', 0, 1, 20, 1, 5, '2021-10-22 22:02:03', '2021-10-22 23:04:16'),
(423, 0, 1, 0, '-', 0, 1, 0, 0, 5, '2021-10-23 14:57:06', '2021-10-23 16:53:06'),
(424, 0, 1, 0, '-bpk sholihin/ibu mufaridah 081358763422', 0, 1, 0, 1, 5, '2021-10-23 15:07:52', '2021-10-23 15:26:57'),
(425, 0, 17, 0, '-', 0, 1, 0, 0, 5, '2021-10-23 19:53:16', '2021-10-23 20:36:27'),
(426, 0, 15, 0, 'Mr danny', 0, 1, 0, 0, 5, '2021-10-23 19:54:53', '2021-10-23 22:26:58'),
(427, 0, 1, 0, 'Mr indra', 0, 1, 0, 0, 5, '2021-10-23 20:14:21', '2021-10-23 21:32:06'),
(428, 0, 20, 0, 'ms. Tina', 0, 1, 0, 0, 5, '2021-10-23 20:16:35', '2021-10-23 20:46:13'),
(429, 0, 18, 0, '-', 0, 1, 0, 0, 5, '2021-10-23 20:20:34', '2021-10-23 20:42:35'),
(430, 0, 16, 0, 'Mr bambang', 0, 1, 0, 0, 5, '2021-10-23 20:22:12', '2021-10-23 21:57:00'),
(431, 0, 2, 0, '-', 0, 1, 0, 0, 5, '2021-10-23 20:28:34', '2021-10-23 21:50:00'),
(432, 0, 1, 0, 'Bu Sherly', 0, 1, 0, 0, 5, '2021-10-23 20:32:33', '2021-10-23 21:56:12'),
(433, 0, 10, 0, 'Mr Joni', 0, 1, 0, 0, 5, '2021-10-23 20:35:17', '2021-10-23 21:13:01'),
(434, 0, 19, 0, 'ms daria', 0, 1, 0, 0, 5, '2021-10-23 20:52:11', '2021-10-23 21:19:10'),
(435, 0, 13, 0, 'mrs enda', 0, 1, 0, 0, 5, '2021-10-24 10:43:45', '2021-10-24 11:19:05'),
(436, 0, 13, 0, '-', 0, 1, 0, 0, 5, '2021-10-24 13:07:21', '2021-10-24 15:35:15'),
(437, 0, 20, 0, '-mr alji', 0, 1, 0, 0, 5, '2021-10-24 15:38:12', '2021-10-24 16:36:49'),
(438, 0, 3, 0, '-', 0, 1, 0, 0, 5, '2021-10-24 16:11:12', '2021-10-24 17:11:27'),
(439, 0, 1, 0, '-ms Sherly', 0, 1, 0, 0, 5, '2021-10-24 16:50:21', '2021-10-24 17:25:18'),
(440, 0, 11, 0, 'ms nurika', 0, 1, 0, 0, 5, '2021-10-24 17:12:58', '2021-10-24 17:46:46'),
(441, 0, 15, 0, 'Mr setya', 0, 1, 0, 0, 5, '2021-10-24 17:13:42', '2021-10-24 18:43:09'),
(442, 0, 10, 0, 'Mr fiqri', 0, 1, 0, 0, 5, '2021-10-24 18:44:43', '2021-10-24 19:21:41'),
(443, 0, 1, 0, '-', 0, 1, 0, 0, 5, '2021-10-24 18:46:36', '2021-10-24 19:37:51'),
(444, 0, 1, 0, 'Mr sandry', 0, 1, 0, 0, 5, '2021-10-24 18:58:42', '2021-10-24 19:15:47'),
(445, 0, 11, 0, '-', 0, 1, 0, 0, 5, '2021-10-24 19:50:31', '2021-10-24 20:16:20'),
(448, 0, 1, 0, '-', 0, 1, 0, 0, 5, '2021-10-24 20:32:53', '2021-10-24 20:33:05'),
(451, 0, 1, 0, 'bpk Ami', 0, 1, 0, 0, 5, '2021-10-25 15:06:10', '2021-10-25 15:18:07'),
(453, 0, 17, 0, '-', 0, 1, 0, 0, 5, '2021-10-25 15:23:00', '2021-10-25 17:40:07'),
(455, 0, 2, 0, '-', 0, 1, 0, 0, 5, '2021-10-25 16:54:14', '2021-10-25 16:56:30'),
(456, 0, 8, 0, '-mr ajis', 0, 1, 0, 0, 5, '2021-10-25 17:14:59', '2021-10-25 17:42:16'),
(457, 0, 3, 0, 'Bu sherly', 0, 1, 0, 0, 5, '2021-10-25 17:16:03', '2021-10-25 17:46:42'),
(458, 0, 1, 0, 'mr qemy', 0, 1, 0, 0, 5, '2021-10-25 17:21:44', '2021-10-25 17:21:55'),
(459, 0, 1, 0, 'bu vero', 0, 1, 0, 0, 5, '2021-10-25 17:27:19', '2021-10-25 17:27:52'),
(460, 0, 20, 0, '-', 0, 1, 0, 0, 5, '2021-10-25 17:58:10', '2021-10-25 18:55:42'),
(461, 0, 12, 0, 'ms. alimbell', 0, 1, 0, 0, 5, '2021-10-25 18:51:29', '2021-10-25 19:41:47'),
(462, 0, 19, 0, 'ms lala', 0, 1, 0, 0, 5, '2021-10-25 19:18:38', '2021-10-25 19:47:56'),
(464, 0, 1, 0, 'Mr Andrian', 0, 1, 20, 1, 5, '2021-10-25 21:01:03', '2021-10-25 21:07:50'),
(465, 0, 1, 0, 'Bu sherly', 0, 1, 0, 0, 5, '2021-10-26 14:00:56', '2021-10-26 14:01:06'),
(466, 0, 12, 0, 'Mr gatot', 0, 1, 0, 0, 5, '2021-10-26 15:27:24', '2021-10-26 15:36:17'),
(467, 0, 3, 0, '-', 0, 1, 0, 0, 5, '2021-10-26 18:30:14', '2021-10-26 19:09:14'),
(468, 0, 18, 0, 'Mr topan', 0, 1, 0, 0, 5, '2021-10-26 19:34:50', '2021-10-26 19:49:45'),
(469, 0, 17, 0, 'ms Ani', 0, 1, 0, 0, 5, '2021-10-26 19:36:07', '2021-10-26 21:12:35'),
(470, 0, 3, 0, 'Mr Dani', 0, 1, 0, 0, 5, '2021-10-26 19:44:43', '2021-10-26 20:20:09'),
(471, 0, 1, 0, '-', 0, 1, 20, 1, 5, '2021-10-26 21:12:22', '2021-10-26 21:12:47'),
(472, 0, 14, 0, '-', 0, 0, 0, 0, 5, '2021-10-27 13:36:42', '2021-10-27 13:36:42'),
(473, 0, 3, 0, 'ms Novi', 0, 0, 0, 0, 5, '2021-10-27 13:37:27', '2021-10-27 13:37:27');

-- --------------------------------------------------------

--
-- Struktur dari tabel `split_bill`
--

CREATE TABLE `split_bill` (
  `id` int(11) NOT NULL,
  `id_menu` int(11) NOT NULL,
  `jumlah` int(11) NOT NULL,
  `total` varchar(12) NOT NULL,
  `metode_pembayaran` int(1) NOT NULL,
  `jumlah_dibayar` varchar(12) NOT NULL,
  `id_penjualan` int(11) NOT NULL,
  `created_at` datetime NOT NULL,
  `updated_at` datetime NOT NULL
) ENGINE=InnoDB DEFAULT CHARSET=utf8mb4;

-- --------------------------------------------------------

--
-- Struktur dari tabel `split_pembayaran`
--

CREATE TABLE `split_pembayaran` (
  `id` int(11) NOT NULL,
  `total` varchar(12) NOT NULL,
  `metode_pembayaran` int(1) NOT NULL,
  `jumlah_dibayar` varchar(12) NOT NULL,
  `id_penjualan` int(11) NOT NULL,
  `created_at` datetime NOT NULL,
  `updated_at` datetime NOT NULL
) ENGINE=InnoDB DEFAULT CHARSET=utf8mb4;

-- --------------------------------------------------------

--
-- Struktur dari tabel `user`
--

CREATE TABLE `user` (
  `id` int(11) NOT NULL,
  `nama` varchar(50) NOT NULL,
  `username` varchar(50) NOT NULL,
  `password` varchar(20) NOT NULL,
  `level` int(1) NOT NULL,
  `keterangan` varchar(50) NOT NULL,
  `created_at` datetime NOT NULL,
  `updated_at` datetime NOT NULL
) ENGINE=InnoDB DEFAULT CHARSET=utf8mb4;

--
-- Dumping data untuk tabel `user`
--

INSERT INTO `user` (`id`, `nama`, `username`, `password`, `level`, `keterangan`, `created_at`, `updated_at`) VALUES
(1, 'Kasir GH', 'kasir_gh', '12345678', 1, 'Kasir', '0000-00-00 00:00:00', '0000-00-00 00:00:00'),
(2, 'Chef GH', 'chef_gh', '12345678', 2, 'Chef GH', '0000-00-00 00:00:00', '0000-00-00 00:00:00'),
(3, 'Manager GH', 'manager_gh', '12345678', 3, 'Manager GH', '0000-00-00 00:00:00', '0000-00-00 00:00:00'),
(7, 'Kasir 2 GH', 'kasir2_gh', '12345678', 1, 'Kasir', '0000-00-00 00:00:00', '0000-00-00 00:00:00');

--
-- Indexes for dumped tables
--

--
-- Indeks untuk tabel `distributor`
--
ALTER TABLE `distributor`
  ADD PRIMARY KEY (`id`);

--
-- Indeks untuk tabel `kategori`
--
ALTER TABLE `kategori`
  ADD PRIMARY KEY (`id`);

--
-- Indeks untuk tabel `meja`
--
ALTER TABLE `meja`
  ADD PRIMARY KEY (`id`);

--
-- Indeks untuk tabel `menu`
--
ALTER TABLE `menu`
  ADD PRIMARY KEY (`id`);

--
-- Indeks untuk tabel `metode_pembayaran`
--
ALTER TABLE `metode_pembayaran`
  ADD PRIMARY KEY (`id`);

--
-- Indeks untuk tabel `order_menu`
--
ALTER TABLE `order_menu`
  ADD PRIMARY KEY (`id`);

--
-- Indeks untuk tabel `order_menu_temp`
--
ALTER TABLE `order_menu_temp`
  ADD PRIMARY KEY (`id`);

--
-- Indeks untuk tabel `pelanggan`
--
ALTER TABLE `pelanggan`
  ADD PRIMARY KEY (`id`);

--
-- Indeks untuk tabel `pembayaran`
--
ALTER TABLE `pembayaran`
  ADD PRIMARY KEY (`id`);

--
-- Indeks untuk tabel `penjualan`
--
ALTER TABLE `penjualan`
  ADD PRIMARY KEY (`id`);

--
-- Indeks untuk tabel `split_bill`
--
ALTER TABLE `split_bill`
  ADD PRIMARY KEY (`id`);

--
-- Indeks untuk tabel `split_pembayaran`
--
ALTER TABLE `split_pembayaran`
  ADD PRIMARY KEY (`id`);

--
-- Indeks untuk tabel `user`
--
ALTER TABLE `user`
  ADD PRIMARY KEY (`id`);

--
-- AUTO_INCREMENT untuk tabel yang dibuang
--

--
-- AUTO_INCREMENT untuk tabel `distributor`
--
ALTER TABLE `distributor`
  MODIFY `id` int(11) NOT NULL AUTO_INCREMENT, AUTO_INCREMENT=4;

--
-- AUTO_INCREMENT untuk tabel `kategori`
--
ALTER TABLE `kategori`
  MODIFY `id` int(11) NOT NULL AUTO_INCREMENT, AUTO_INCREMENT=12;

--
-- AUTO_INCREMENT untuk tabel `meja`
--
ALTER TABLE `meja`
  MODIFY `id` int(11) NOT NULL AUTO_INCREMENT, AUTO_INCREMENT=21;

--
-- AUTO_INCREMENT untuk tabel `menu`
--
ALTER TABLE `menu`
  MODIFY `id` int(11) NOT NULL AUTO_INCREMENT, AUTO_INCREMENT=119;

--
-- AUTO_INCREMENT untuk tabel `metode_pembayaran`
--
ALTER TABLE `metode_pembayaran`
  MODIFY `id` int(11) NOT NULL AUTO_INCREMENT, AUTO_INCREMENT=9;

--
-- AUTO_INCREMENT untuk tabel `order_menu`
--
ALTER TABLE `order_menu`
  MODIFY `id` int(11) NOT NULL AUTO_INCREMENT, AUTO_INCREMENT=1739;

--
-- AUTO_INCREMENT untuk tabel `order_menu_temp`
--
ALTER TABLE `order_menu_temp`
  MODIFY `id` int(11) NOT NULL AUTO_INCREMENT, AUTO_INCREMENT=1975;

--
-- AUTO_INCREMENT untuk tabel `pelanggan`
--
ALTER TABLE `pelanggan`
  MODIFY `id` int(11) NOT NULL AUTO_INCREMENT;

--
-- AUTO_INCREMENT untuk tabel `pembayaran`
--
ALTER TABLE `pembayaran`
  MODIFY `id` int(11) NOT NULL AUTO_INCREMENT, AUTO_INCREMENT=299;

--
-- AUTO_INCREMENT untuk tabel `penjualan`
--
ALTER TABLE `penjualan`
  MODIFY `id` int(11) NOT NULL AUTO_INCREMENT, AUTO_INCREMENT=474;

--
-- AUTO_INCREMENT untuk tabel `split_bill`
--
ALTER TABLE `split_bill`
  MODIFY `id` int(11) NOT NULL AUTO_INCREMENT;

--
-- AUTO_INCREMENT untuk tabel `split_pembayaran`
--
ALTER TABLE `split_pembayaran`
  MODIFY `id` int(11) NOT NULL AUTO_INCREMENT;

--
-- AUTO_INCREMENT untuk tabel `user`
--
ALTER TABLE `user`
  MODIFY `id` int(11) NOT NULL AUTO_INCREMENT, AUTO_INCREMENT=8;
COMMIT;

/*!40101 SET CHARACTER_SET_CLIENT=@OLD_CHARACTER_SET_CLIENT */;
/*!40101 SET CHARACTER_SET_RESULTS=@OLD_CHARACTER_SET_RESULTS */;
/*!40101 SET COLLATION_CONNECTION=@OLD_COLLATION_CONNECTION */;
